	0
ID=gene-TraAM80_00001	1
ID=gene-TraAM80_00002	1
ID=gene-TraAM80_00003	1
ID=gene-TraAM80_00004	1
ID=gene-TraAM80_00005	1
ID=gene-TraAM80_00006	1
ID=gene-TraAM80_00009	1
ID=gene-TraAM80_00010	1
ID=gene-TraAM80_00011	1
ID=gene-TraAM80_00012	1
ID=gene-TraAM80_00014	1
ID=gene-TraAM80_00015	1
ID=gene-TraAM80_00016	1
ID=gene-TraAM80_00017	1
ID=gene-TraAM80_00019	1
ID=gene-TraAM80_00022	1
ID=gene-TraAM80_00023	1
ID=gene-TraAM80_00024	1
ID=gene-TraAM80_00025	1
ID=gene-TraAM80_00026	1
ID=gene-TraAM80_00028	1
ID=gene-TraAM80_00029	1
ID=gene-TraAM80_00030	1
ID=gene-TraAM80_00031	1
ID=gene-TraAM80_00032	1
ID=gene-TraAM80_00033	1
ID=gene-TraAM80_00034	1
ID=gene-TraAM80_00035	1
ID=gene-TraAM80_00036	1
ID=gene-TraAM80_00037	1
ID=gene-TraAM80_00038	1
ID=gene-TraAM80_00039	1
ID=gene-TraAM80_00040	1
ID=gene-TraAM80_00041	1
ID=gene-TraAM80_00043	1
ID=gene-TraAM80_00044	1
ID=gene-TraAM80_00045	1
ID=gene-TraAM80_00046	1
ID=gene-TraAM80_00047	1
ID=gene-TraAM80_00048	1
ID=gene-TraAM80_00049	1
ID=gene-TraAM80_00050	1
ID=gene-TraAM80_00051	1
ID=gene-TraAM80_00052	1
ID=gene-TraAM80_00053	1
ID=gene-TraAM80_00054	1
ID=gene-TraAM80_00055	1
ID=gene-TraAM80_00056	1
ID=gene-TraAM80_00057	1
ID=gene-TraAM80_00058	1
ID=gene-TraAM80_00059	1
ID=gene-TraAM80_00061	1
ID=gene-TraAM80_00062	1
ID=gene-TraAM80_00063	1
ID=gene-TraAM80_00064	1
ID=gene-TraAM80_00065	1
ID=gene-TraAM80_00066	1
ID=gene-TraAM80_00067	1
ID=gene-TraAM80_00068	1
ID=gene-TraAM80_00069	1
ID=gene-TraAM80_00070	1
ID=gene-TraAM80_00071	1
ID=gene-TraAM80_00072	1
ID=gene-TraAM80_00073	1
ID=gene-TraAM80_00075	1
ID=gene-TraAM80_00077	1
ID=gene-TraAM80_00079	1
ID=gene-TraAM80_00080	1
ID=gene-TraAM80_00081	1
ID=gene-TraAM80_00082	1
ID=gene-TraAM80_00083	1
ID=gene-TraAM80_00084	1
ID=gene-TraAM80_00085	1
ID=gene-TraAM80_00086	1
ID=gene-TraAM80_00089	1
ID=gene-TraAM80_00090	1
ID=gene-TraAM80_00091	1
ID=gene-TraAM80_00092	1
ID=gene-TraAM80_00093	1
ID=gene-TraAM80_00094	1
ID=gene-TraAM80_00096	1
ID=gene-TraAM80_00097	1
ID=gene-TraAM80_00099	1
ID=gene-TraAM80_00100	1
ID=gene-TraAM80_00102	1
ID=gene-TraAM80_00103	1
ID=gene-TraAM80_00104	1
ID=gene-TraAM80_00105	1
ID=gene-TraAM80_00106	1
ID=gene-TraAM80_00107	1
ID=gene-TraAM80_00109	1
ID=gene-TraAM80_00111	1
ID=gene-TraAM80_00112	1
ID=gene-TraAM80_00113	1
ID=gene-TraAM80_00114	1
ID=gene-TraAM80_00115	1
ID=gene-TraAM80_00117	1
ID=gene-TraAM80_00118	1
ID=gene-TraAM80_00119	1
ID=gene-TraAM80_00120	1
ID=gene-TraAM80_00121	1
ID=gene-TraAM80_00122	1
ID=gene-TraAM80_00123	1
ID=gene-TraAM80_00124	1
ID=gene-TraAM80_00125	1
ID=gene-TraAM80_00126	1
ID=gene-TraAM80_00127	1
ID=gene-TraAM80_00128	1
ID=gene-TraAM80_00129	1
ID=gene-TraAM80_00131	1
ID=gene-TraAM80_00132	1
ID=gene-TraAM80_00133	1
ID=gene-TraAM80_00134	1
ID=gene-TraAM80_00135	1
ID=gene-TraAM80_00136	1
ID=gene-TraAM80_00137	1
ID=gene-TraAM80_00139	1
ID=gene-TraAM80_00140	1
ID=gene-TraAM80_00141	1
ID=gene-TraAM80_00142	1
ID=gene-TraAM80_00144	1
ID=gene-TraAM80_00145	1
ID=gene-TraAM80_00146	1
ID=gene-TraAM80_00147	1
ID=gene-TraAM80_00148	1
ID=gene-TraAM80_00149	1
ID=gene-TraAM80_00150	1
ID=gene-TraAM80_00151	1
ID=gene-TraAM80_00152	1
ID=gene-TraAM80_00154	1
ID=gene-TraAM80_00157	1
ID=gene-TraAM80_00158	1
ID=gene-TraAM80_00159	1
ID=gene-TraAM80_00160	1
ID=gene-TraAM80_00161	1
ID=gene-TraAM80_00162	1
ID=gene-TraAM80_00163	1
ID=gene-TraAM80_00164	1
ID=gene-TraAM80_00165	1
ID=gene-TraAM80_00166	1
ID=gene-TraAM80_00167	1
ID=gene-TraAM80_00170	1
ID=gene-TraAM80_00172	1
ID=gene-TraAM80_00173	1
ID=gene-TraAM80_00174	1
ID=gene-TraAM80_00175	1
ID=gene-TraAM80_00176	1
ID=gene-TraAM80_00177	1
ID=gene-TraAM80_00179	1
ID=gene-TraAM80_00180	1
ID=gene-TraAM80_00181	1
ID=gene-TraAM80_00184	1
ID=gene-TraAM80_00183	1
ID=gene-TraAM80_00188	1
ID=gene-TraAM80_00189	1
ID=gene-TraAM80_00190	1
ID=gene-TraAM80_00191	1
ID=gene-TraAM80_00192	1
ID=gene-TraAM80_00193	1
ID=gene-TraAM80_00194	1
ID=gene-TraAM80_00195	1
ID=gene-TraAM80_00197	1
ID=gene-TraAM80_00198	1
ID=gene-TraAM80_00199	1
ID=gene-TraAM80_00200	1
ID=gene-TraAM80_00201	1
ID=gene-TraAM80_00202	1
ID=gene-TraAM80_00203	1
ID=gene-TraAM80_00204	1
ID=gene-TraAM80_00205	1
ID=gene-TraAM80_00206	1
ID=gene-TraAM80_00207	1
ID=gene-TraAM80_00208	1
ID=gene-TraAM80_00209	1
ID=gene-TraAM80_00210	1
ID=gene-TraAM80_00211	1
ID=gene-TraAM80_00212	1
ID=gene-TraAM80_00213	1
ID=gene-TraAM80_00214	1
ID=gene-TraAM80_00216	1
ID=gene-TraAM80_00217	1
ID=gene-TraAM80_00218	1
ID=gene-TraAM80_00219	1
ID=gene-TraAM80_00226	1
ID=gene-TraAM80_00227	1
ID=gene-TraAM80_00228	1
ID=gene-TraAM80_00229	1
ID=gene-TraAM80_00230	1
ID=gene-TraAM80_00231	1
ID=gene-TraAM80_00232	1
ID=gene-TraAM80_00233	1
ID=gene-TraAM80_00234	1
ID=gene-TraAM80_00237	1
ID=gene-TraAM80_00238	1
ID=gene-TraAM80_00239	1
ID=gene-TraAM80_00240	1
ID=gene-TraAM80_00241	1
ID=gene-TraAM80_00242	1
ID=gene-TraAM80_00243	1
ID=gene-TraAM80_00245	1
ID=gene-TraAM80_00246	1
ID=gene-TraAM80_00247	1
ID=gene-TraAM80_00248	1
ID=gene-TraAM80_00249	1
ID=gene-TraAM80_00250	1
ID=gene-TraAM80_00251	1
ID=gene-TraAM80_00252	1
ID=gene-TraAM80_00253	1
ID=gene-TraAM80_00254	1
ID=gene-TraAM80_00255	1
ID=gene-TraAM80_00256	1
ID=gene-TraAM80_00257	1
ID=gene-TraAM80_00258	1
ID=gene-TraAM80_00259	1
ID=gene-TraAM80_00260	1
ID=gene-TraAM80_00261	1
ID=gene-TraAM80_00262	1
ID=gene-TraAM80_00263	1
ID=gene-TraAM80_00264	1
ID=gene-TraAM80_00265	1
ID=gene-TraAM80_00266	1
ID=gene-TraAM80_00267	1
ID=gene-TraAM80_00268	1
ID=gene-TraAM80_00269	1
ID=gene-TraAM80_00272	1
ID=gene-TraAM80_00273	1
ID=gene-TraAM80_00274	1
ID=gene-TraAM80_00277	1
ID=gene-TraAM80_00278	1
ID=gene-TraAM80_00279	1
ID=gene-TraAM80_00280	1
ID=gene-TraAM80_00282	1
ID=gene-TraAM80_00283	1
ID=gene-TraAM80_00284	1
ID=gene-TraAM80_00285	1
ID=gene-TraAM80_00286	1
ID=gene-TraAM80_00287	1
ID=gene-TraAM80_00288	1
ID=gene-TraAM80_00289	1
ID=gene-TraAM80_00290	1
ID=gene-TraAM80_00292	1
ID=gene-TraAM80_00293	1
ID=gene-TraAM80_00294	1
ID=gene-TraAM80_00295	1
ID=gene-TraAM80_00296	1
ID=gene-TraAM80_00297	1
ID=gene-TraAM80_00298	1
ID=gene-TraAM80_00299	1
ID=gene-TraAM80_00300	1
ID=gene-TraAM80_00301	1
ID=gene-TraAM80_00302	1
ID=gene-TraAM80_00303	1
ID=gene-TraAM80_00304	1
ID=gene-TraAM80_00305	1
ID=gene-TraAM80_00306	1
ID=gene-TraAM80_00307	1
ID=gene-TraAM80_00308	1
ID=gene-TraAM80_00309	1
ID=gene-TraAM80_00310	1
ID=gene-TraAM80_00311	1
ID=gene-TraAM80_00312	1
ID=gene-TraAM80_00313	1
ID=gene-TraAM80_00314	1
ID=gene-TraAM80_00315	1
ID=gene-TraAM80_00317	1
ID=gene-TraAM80_00318	1
ID=gene-TraAM80_00319	1
ID=gene-TraAM80_00320	1
ID=gene-TraAM80_00321	1
ID=gene-TraAM80_00322	1
ID=gene-TraAM80_00323	1
ID=gene-TraAM80_00324	1
ID=gene-TraAM80_00325	1
ID=gene-TraAM80_00326	1
ID=gene-TraAM80_00327	1
ID=gene-TraAM80_00328	1
ID=gene-TraAM80_00329	1
ID=gene-TraAM80_00330	1
ID=gene-TraAM80_00331	1
ID=gene-TraAM80_00332	1
ID=gene-TraAM80_00334	1
ID=gene-TraAM80_00336	1
ID=gene-TraAM80_00337	1
ID=gene-TraAM80_00338	1
ID=gene-TraAM80_00341	1
ID=gene-TraAM80_00342	1
ID=gene-TraAM80_00343	1
ID=gene-TraAM80_00346	1
ID=gene-TraAM80_00348	1
ID=gene-TraAM80_00349	1
ID=gene-TraAM80_00350	1
ID=gene-TraAM80_00351	1
ID=gene-TraAM80_00352	1
ID=gene-TraAM80_00353	1
ID=gene-TraAM80_00354	1
ID=gene-TraAM80_00357	1
ID=gene-TraAM80_00358	1
ID=gene-TraAM80_00359	1
ID=gene-TraAM80_00360	1
ID=gene-TraAM80_00361	1
ID=gene-TraAM80_00362	1
ID=gene-TraAM80_00363	1
ID=gene-TraAM80_00364	1
ID=gene-TraAM80_00365	1
ID=gene-TraAM80_00366	1
ID=gene-TraAM80_00367	1
ID=gene-TraAM80_00369	1
ID=gene-TraAM80_00370	1
ID=gene-TraAM80_00371	1
ID=gene-TraAM80_00372	1
ID=gene-TraAM80_00374	1
ID=gene-TraAM80_00376	1
ID=gene-TraAM80_00377	1
ID=gene-TraAM80_00378	1
ID=gene-TraAM80_00379	1
ID=gene-TraAM80_00381	1
ID=gene-TraAM80_00382	1
ID=gene-TraAM80_00383	1
ID=gene-TraAM80_00384	1
ID=gene-TraAM80_00385	1
ID=gene-TraAM80_00386	1
ID=gene-TraAM80_00387	1
ID=gene-TraAM80_00388	1
ID=gene-TraAM80_00389	1
ID=gene-TraAM80_00390	1
ID=gene-TraAM80_00391	1
ID=gene-TraAM80_00395	1
ID=gene-TraAM80_00396	1
ID=gene-TraAM80_00397	1
ID=gene-TraAM80_00398	1
ID=gene-TraAM80_00399	1
ID=gene-TraAM80_00400	1
ID=gene-TraAM80_00401	1
ID=gene-TraAM80_00402	1
ID=gene-TraAM80_00403	1
ID=gene-TraAM80_00404	1
ID=gene-TraAM80_00405	1
ID=gene-TraAM80_00406	1
ID=gene-TraAM80_00407	1
ID=gene-TraAM80_00408	1
ID=gene-TraAM80_00410	1
ID=gene-TraAM80_00411	1
ID=gene-TraAM80_00412	1
ID=gene-TraAM80_00413	1
ID=gene-TraAM80_00414	1
ID=gene-TraAM80_00415	1
ID=gene-TraAM80_00416	1
ID=gene-TraAM80_00417	1
ID=gene-TraAM80_00418	1
ID=gene-TraAM80_00419	1
ID=gene-TraAM80_00420	1
ID=gene-TraAM80_00422	1
ID=gene-TraAM80_00423	1
ID=gene-TraAM80_00424	1
ID=gene-TraAM80_00425	1
ID=gene-TraAM80_00426	1
ID=gene-TraAM80_00427	1
ID=gene-TraAM80_00428	1
ID=gene-TraAM80_00429	1
ID=gene-TraAM80_00430	1
ID=gene-TraAM80_00431	1
ID=gene-TraAM80_00432	1
ID=gene-TraAM80_00433	1
ID=gene-TraAM80_00434	1
ID=gene-TraAM80_00435	1
ID=gene-TraAM80_00436	1
ID=gene-TraAM80_00437	1
ID=gene-TraAM80_00438	1
ID=gene-TraAM80_00439	1
ID=gene-TraAM80_00440	1
ID=gene-TraAM80_00441	1
ID=gene-TraAM80_00442	1
ID=gene-TraAM80_00443	1
ID=gene-TraAM80_00444	1
ID=gene-TraAM80_00446	1
ID=gene-TraAM80_00447	1
ID=gene-TraAM80_00448	1
ID=gene-TraAM80_00449	1
ID=gene-TraAM80_00450	1
ID=gene-TraAM80_00451	1
ID=gene-TraAM80_00452	1
ID=gene-TraAM80_00453	1
ID=gene-TraAM80_00454	1
ID=gene-TraAM80_00456	1
ID=gene-TraAM80_00457	1
ID=gene-TraAM80_00458	1
ID=gene-TraAM80_00459	1
ID=gene-TraAM80_00460	1
ID=gene-TraAM80_00461	1
ID=gene-TraAM80_00462	1
ID=gene-TraAM80_00463	1
ID=gene-TraAM80_00464	1
ID=gene-TraAM80_00465	1
ID=gene-TraAM80_00466	1
ID=gene-TraAM80_00467	1
ID=gene-TraAM80_00468	1
ID=gene-TraAM80_00469	1
ID=gene-TraAM80_00470	1
ID=gene-TraAM80_00471	1
ID=gene-TraAM80_00472	1
ID=gene-TraAM80_00473	1
ID=gene-TraAM80_00474	1
ID=gene-TraAM80_00475	1
ID=gene-TraAM80_00476	1
ID=gene-TraAM80_00478	1
ID=gene-TraAM80_00479	1
ID=gene-TraAM80_00480	1
ID=gene-TraAM80_00481	1
ID=gene-TraAM80_00482	1
ID=gene-TraAM80_00483	1
ID=gene-TraAM80_00484	1
ID=gene-TraAM80_00485	1
ID=gene-TraAM80_00486	1
ID=gene-TraAM80_00487	1
ID=gene-TraAM80_00488	1
ID=gene-TraAM80_00489	1
ID=gene-TraAM80_00490	1
ID=gene-TraAM80_00491	1
ID=gene-TraAM80_00492	1
ID=gene-TraAM80_00493	1
ID=gene-TraAM80_00494	1
ID=gene-TraAM80_00495	1
ID=gene-TraAM80_00496	1
ID=gene-TraAM80_00497	1
ID=gene-TraAM80_00498	1
ID=gene-TraAM80_00499	1
ID=gene-TraAM80_00500	1
ID=gene-TraAM80_00501	1
ID=gene-TraAM80_00502	1
ID=gene-TraAM80_00503	1
ID=gene-TraAM80_00504	1
ID=gene-TraAM80_00505	1
ID=gene-TraAM80_00506	1
ID=gene-TraAM80_00507	1
ID=gene-TraAM80_00508	1
ID=gene-TraAM80_00509	1
ID=gene-TraAM80_00511	1
ID=gene-TraAM80_00513	1
ID=gene-TraAM80_00515	1
ID=gene-TraAM80_00516	1
ID=gene-TraAM80_00517	1
ID=gene-TraAM80_00520	1
ID=gene-TraAM80_00521	1
ID=gene-TraAM80_00522	1
ID=gene-TraAM80_00523	1
ID=gene-TraAM80_00524	1
ID=gene-TraAM80_00525	1
ID=gene-TraAM80_00526	1
ID=gene-TraAM80_00527	1
ID=gene-TraAM80_00528	1
ID=gene-TraAM80_00529	1
ID=gene-TraAM80_00530	1
ID=gene-TraAM80_00531	1
ID=gene-TraAM80_00532	1
ID=gene-TraAM80_00535	1
ID=gene-TraAM80_00537	1
ID=gene-TraAM80_00538	1
ID=gene-TraAM80_00539	1
ID=gene-TraAM80_00540	1
ID=gene-TraAM80_00541	1
ID=gene-TraAM80_00542	1
ID=gene-TraAM80_00543	1
ID=gene-TraAM80_00544	1
ID=gene-TraAM80_00545	1
ID=gene-TraAM80_00546	1
ID=gene-TraAM80_00547	1
ID=gene-TraAM80_00548	1
ID=gene-TraAM80_00549	1
ID=gene-TraAM80_00550	1
ID=gene-TraAM80_00551	1
ID=gene-TraAM80_00552	1
ID=gene-TraAM80_00553	1
ID=gene-TraAM80_00554	1
ID=gene-TraAM80_00556	1
ID=gene-TraAM80_00557	1
ID=gene-TraAM80_00559	1
ID=gene-TraAM80_00560	1
ID=gene-TraAM80_00562	1
ID=gene-TraAM80_00563	1
ID=gene-TraAM80_00565	1
ID=gene-TraAM80_00566	1
ID=gene-TraAM80_00567	1
ID=gene-TraAM80_00568	1
ID=gene-TraAM80_00569	1
ID=gene-TraAM80_00570	1
ID=gene-TraAM80_00571	1
ID=gene-TraAM80_00572	1
ID=gene-TraAM80_00573	1
ID=gene-TraAM80_00574	1
ID=gene-TraAM80_00575	1
ID=gene-TraAM80_00576	1
ID=gene-TraAM80_00577	1
ID=gene-TraAM80_00578	1
ID=gene-TraAM80_00579	1
ID=gene-TraAM80_00581	1
ID=gene-TraAM80_00582	1
ID=gene-TraAM80_00583	1
ID=gene-TraAM80_00584	1
ID=gene-TraAM80_00585	1
ID=gene-TraAM80_00586	1
ID=gene-TraAM80_00587	1
ID=gene-TraAM80_00588	1
ID=gene-TraAM80_00589	1
ID=gene-TraAM80_00590	1
ID=gene-TraAM80_00591	1
ID=gene-TraAM80_00593	1
ID=gene-TraAM80_00594	1
ID=gene-TraAM80_00595	1
ID=gene-TraAM80_00597	1
ID=gene-TraAM80_00598	1
ID=gene-TraAM80_00599	1
ID=gene-TraAM80_00602	1
ID=gene-TraAM80_00603	1
ID=gene-TraAM80_00604	1
ID=gene-TraAM80_00605	1
ID=gene-TraAM80_00606	1
ID=gene-TraAM80_00607	1
ID=gene-TraAM80_00609	1
ID=gene-TraAM80_00610	1
ID=gene-TraAM80_00611	1
ID=gene-TraAM80_00612	1
ID=gene-TraAM80_00613	1
ID=gene-TraAM80_00614	1
ID=gene-TraAM80_00615	1
ID=gene-TraAM80_00616	1
ID=gene-TraAM80_00617	1
ID=gene-TraAM80_00618	1
ID=gene-TraAM80_00619	1
ID=gene-TraAM80_00620	1
ID=gene-TraAM80_00621	1
ID=gene-TraAM80_00622	1
ID=gene-TraAM80_00623	1
ID=gene-TraAM80_00624	1
ID=gene-TraAM80_00626	1
ID=gene-TraAM80_00627	1
ID=gene-TraAM80_00628	1
ID=gene-TraAM80_00629	1
ID=gene-TraAM80_00630	1
ID=gene-TraAM80_00631	1
ID=gene-TraAM80_00632	1
ID=gene-TraAM80_00633	1
ID=gene-TraAM80_00634	1
ID=gene-TraAM80_00635	1
ID=gene-TraAM80_00636	1
ID=gene-TraAM80_00637	1
ID=gene-TraAM80_00638	1
ID=gene-TraAM80_00639	1
ID=gene-TraAM80_00640	1
ID=gene-TraAM80_00641	1
ID=gene-TraAM80_00642	1
ID=gene-TraAM80_00643	1
ID=gene-TraAM80_00644	1
ID=gene-TraAM80_00645	1
ID=gene-TraAM80_00646	1
ID=gene-TraAM80_00647	1
ID=gene-TraAM80_00648	1
ID=gene-TraAM80_00649	1
ID=gene-TraAM80_00653	1
ID=gene-TraAM80_00654	1
ID=gene-TraAM80_00655	1
ID=gene-TraAM80_00656	1
ID=gene-TraAM80_00657	1
ID=gene-TraAM80_00659	1
ID=gene-TraAM80_00660	1
ID=gene-TraAM80_00661	1
ID=gene-TraAM80_00662	1
ID=gene-TraAM80_00669	1
ID=gene-TraAM80_00668	1
ID=gene-TraAM80_00672	1
ID=gene-TraAM80_00673	1
ID=gene-TraAM80_00674	1
ID=gene-TraAM80_00675	1
ID=gene-TraAM80_00677	1
ID=gene-TraAM80_00678	1
ID=gene-TraAM80_00679	1
ID=gene-TraAM80_00680	1
ID=gene-TraAM80_00681	1
ID=gene-TraAM80_00682	1
ID=gene-TraAM80_00683	1
ID=gene-TraAM80_00684	1
ID=gene-TraAM80_00686	1
ID=gene-TraAM80_00687	1
ID=gene-TraAM80_00688	1
ID=gene-TraAM80_00689	1
ID=gene-TraAM80_00691	1
ID=gene-TraAM80_00692	1
ID=gene-TraAM80_00693	1
ID=gene-TraAM80_00694	1
ID=gene-TraAM80_00696	1
ID=gene-TraAM80_00697	1
ID=gene-TraAM80_00698	1
ID=gene-TraAM80_00699	1
ID=gene-TraAM80_00700	1
ID=gene-TraAM80_00701	1
ID=gene-TraAM80_00704	1
ID=gene-TraAM80_00705	1
ID=gene-TraAM80_00706	1
ID=gene-TraAM80_00707	1
ID=gene-TraAM80_00708	1
ID=gene-TraAM80_00709	1
ID=gene-TraAM80_00710	1
ID=gene-TraAM80_00711	1
ID=gene-TraAM80_00712	1
ID=gene-TraAM80_00713	1
ID=gene-TraAM80_00714	1
ID=gene-TraAM80_00715	1
ID=gene-TraAM80_00716	1
ID=gene-TraAM80_00717	1
ID=gene-TraAM80_00718	1
ID=gene-TraAM80_00719	1
ID=gene-TraAM80_00720	1
ID=gene-TraAM80_00721	1
ID=gene-TraAM80_00722	1
ID=gene-TraAM80_00723	1
ID=gene-TraAM80_00725	1
ID=gene-TraAM80_00726	1
ID=gene-TraAM80_00727	1
ID=gene-TraAM80_00728	1
ID=gene-TraAM80_00729	1
ID=gene-TraAM80_00730	1
ID=gene-TraAM80_00731	1
ID=gene-TraAM80_00732	1
ID=gene-TraAM80_00733	1
ID=gene-TraAM80_00734	1
ID=gene-TraAM80_00735	1
ID=gene-TraAM80_00736	1
ID=gene-TraAM80_00737	1
ID=gene-TraAM80_00738	1
ID=gene-TraAM80_00739	1
ID=gene-TraAM80_00740	1
ID=gene-TraAM80_00741	1
ID=gene-TraAM80_00742	1
ID=gene-TraAM80_00743	1
ID=gene-TraAM80_00744	1
ID=gene-TraAM80_00745	1
ID=gene-TraAM80_00746	1
ID=gene-TraAM80_00747	1
ID=gene-TraAM80_00748	1
ID=gene-TraAM80_00749	1
ID=gene-TraAM80_00750	1
ID=gene-TraAM80_00751	1
ID=gene-TraAM80_00752	1
ID=gene-TraAM80_00753	1
ID=gene-TraAM80_00754	1
ID=gene-TraAM80_00755	1
ID=gene-TraAM80_00756	1
ID=gene-TraAM80_00758	1
ID=gene-TraAM80_00759	1
ID=gene-TraAM80_00760	1
ID=gene-TraAM80_00761	1
ID=gene-TraAM80_00762	1
ID=gene-TraAM80_00763	1
ID=gene-TraAM80_00764	1
ID=gene-TraAM80_00765	1
ID=gene-TraAM80_00766	1
ID=gene-TraAM80_00767	1
ID=gene-TraAM80_00769	1
ID=gene-TraAM80_00770	1
ID=gene-TraAM80_00771	1
ID=gene-TraAM80_00772	1
ID=gene-TraAM80_00773	1
ID=gene-TraAM80_00774	1
ID=gene-TraAM80_00775	1
ID=gene-TraAM80_00776	1
ID=gene-TraAM80_00777	1
ID=gene-TraAM80_00778	1
ID=gene-TraAM80_00779	1
ID=gene-TraAM80_00780	1
ID=gene-TraAM80_00781	1
ID=gene-TraAM80_00782	1
ID=gene-TraAM80_00784	1
ID=gene-TraAM80_00785	1
ID=gene-TraAM80_00786	1
ID=gene-TraAM80_00787	1
ID=gene-TraAM80_00789	1
ID=gene-TraAM80_00790	1
ID=gene-TraAM80_00791	1
ID=gene-TraAM80_00792	1
ID=gene-TraAM80_00793	1
ID=gene-TraAM80_00794	1
ID=gene-TraAM80_00796	1
ID=gene-TraAM80_00797	1
ID=gene-TraAM80_00798	1
ID=gene-TraAM80_00799	1
ID=gene-TraAM80_00800	1
ID=gene-TraAM80_00801	1
ID=gene-TraAM80_00802	1
ID=gene-TraAM80_00803	1
ID=gene-TraAM80_00805	1
ID=gene-TraAM80_00807	1
ID=gene-TraAM80_00808	1
ID=gene-TraAM80_00809	1
ID=gene-TraAM80_00810	1
ID=gene-TraAM80_00812	1
ID=gene-TraAM80_00811	1
ID=gene-TraAM80_00813	1
ID=gene-TraAM80_00815	1
ID=gene-TraAM80_00816	1
ID=gene-TraAM80_00817	1
ID=gene-TraAM80_00819	1
ID=gene-TraAM80_00820	1
ID=gene-TraAM80_00821	1
ID=gene-TraAM80_00822	1
ID=gene-TraAM80_00823	1
ID=gene-TraAM80_00825	1
ID=gene-TraAM80_00826	1
ID=gene-TraAM80_00827	1
ID=gene-TraAM80_00828	1
ID=gene-TraAM80_00830	1
ID=gene-TraAM80_00831	1
ID=gene-TraAM80_00832	1
ID=gene-TraAM80_00833	1
ID=gene-TraAM80_00834	1
ID=gene-TraAM80_00835	1
ID=gene-TraAM80_00836	1
ID=gene-TraAM80_00837	1
ID=gene-TraAM80_00838	1
ID=gene-TraAM80_00839	1
ID=gene-TraAM80_00840	1
ID=gene-TraAM80_00841	1
ID=gene-TraAM80_00842	1
ID=gene-TraAM80_00843	1
ID=gene-TraAM80_00844	1
ID=gene-TraAM80_00845	1
ID=gene-TraAM80_00846	1
ID=gene-TraAM80_00847	1
ID=gene-TraAM80_00848	1
ID=gene-TraAM80_00849	1
ID=gene-TraAM80_00850	1
ID=gene-TraAM80_00851	1
ID=gene-TraAM80_00852	1
ID=gene-TraAM80_00853	1
ID=gene-TraAM80_00854	1
ID=gene-TraAM80_00856	1
ID=gene-TraAM80_00858	1
ID=gene-TraAM80_00859	1
ID=gene-TraAM80_00860	1
ID=gene-TraAM80_00863	1
ID=gene-TraAM80_00861	1
ID=gene-TraAM80_00864	1
ID=gene-TraAM80_00865	1
ID=gene-TraAM80_00867	1
ID=gene-TraAM80_00868	1
ID=gene-TraAM80_00872	1
ID=gene-TraAM80_00875	1
ID=gene-TraAM80_00876	1
ID=gene-TraAM80_00877	1
ID=gene-TraAM80_00878	1
ID=gene-TraAM80_00879	1
ID=gene-TraAM80_00880	1
ID=gene-TraAM80_00881	1
ID=gene-TraAM80_00882	1
ID=gene-TraAM80_00883	1
ID=gene-TraAM80_00884	1
ID=gene-TraAM80_00885	1
ID=gene-TraAM80_00886	1
ID=gene-TraAM80_00887	1
ID=gene-TraAM80_00888	1
ID=gene-TraAM80_00889	1
ID=gene-TraAM80_00890	1
ID=gene-TraAM80_00891	1
ID=gene-TraAM80_00893	1
ID=gene-TraAM80_00894	1
ID=gene-TraAM80_00895	1
ID=gene-TraAM80_00896	1
ID=gene-TraAM80_00897	1
ID=gene-TraAM80_00899	1
ID=gene-TraAM80_00900	1
ID=gene-TraAM80_00901	1
ID=gene-TraAM80_00902	1
ID=gene-TraAM80_00903	1
ID=gene-TraAM80_00905	1
ID=gene-TraAM80_00906	1
ID=gene-TraAM80_00908	1
ID=gene-TraAM80_00912	1
ID=gene-TraAM80_00913	1
ID=gene-TraAM80_00915	1
ID=gene-TraAM80_00916	1
ID=gene-TraAM80_00918	1
ID=gene-TraAM80_00919	1
ID=gene-TraAM80_00920	1
ID=gene-TraAM80_00921	1
ID=gene-TraAM80_00922	1
ID=gene-TraAM80_00923	1
ID=gene-TraAM80_00924	1
ID=gene-TraAM80_00926	1
ID=gene-TraAM80_00927	1
ID=gene-TraAM80_00928	1
ID=gene-TraAM80_00929	1
ID=gene-TraAM80_00930	1
ID=gene-TraAM80_00931	1
ID=gene-TraAM80_00932	1
ID=gene-TraAM80_00933	1
ID=gene-TraAM80_00934	1
ID=gene-TraAM80_00935	1
ID=gene-TraAM80_00990	1
ID=gene-TraAM80_00991	1
ID=gene-TraAM80_00992	1
ID=gene-TraAM80_00993	1
ID=gene-TraAM80_00994	1
ID=gene-TraAM80_00995	1
ID=gene-TraAM80_00996	1
ID=gene-TraAM80_00998	1
ID=gene-TraAM80_00999	1
ID=gene-TraAM80_01000	1
ID=gene-TraAM80_01001	1
ID=gene-TraAM80_01003	1
ID=gene-TraAM80_01004	1
ID=gene-TraAM80_01005	1
ID=gene-TraAM80_01006	1
ID=gene-TraAM80_01007	1
ID=gene-TraAM80_01012	1
ID=gene-TraAM80_01013	1
ID=gene-TraAM80_01014	1
ID=gene-TraAM80_01015	1
ID=gene-TraAM80_01016	1
ID=gene-TraAM80_01017	1
ID=gene-TraAM80_01018	1
ID=gene-TraAM80_01019	1
ID=gene-TraAM80_00937	1
ID=gene-TraAM80_00938	1
ID=gene-TraAM80_00941	1
ID=gene-TraAM80_00942	1
ID=gene-TraAM80_00943	1
ID=gene-TraAM80_00944	1
ID=gene-TraAM80_00946	1
ID=gene-TraAM80_00947	1
ID=gene-TraAM80_00948	1
ID=gene-TraAM80_00949	1
ID=gene-TraAM80_00950	1
ID=gene-TraAM80_00952	1
ID=gene-TraAM80_00953	1
ID=gene-TraAM80_00955	1
ID=gene-TraAM80_00956	1
ID=gene-TraAM80_00958	1
ID=gene-TraAM80_00959	1
ID=gene-TraAM80_00960	1
ID=gene-TraAM80_00962	1
ID=gene-TraAM80_00966	1
ID=gene-TraAM80_00967	1
ID=gene-TraAM80_00968	1
ID=gene-TraAM80_00970	1
ID=gene-TraAM80_00971	1
ID=gene-TraAM80_00974	1
ID=gene-TraAM80_00975	1
ID=gene-TraAM80_00976	1
ID=gene-TraAM80_00978	1
ID=gene-TraAM80_00979	1
ID=gene-TraAM80_00980	1
ID=gene-TraAM80_00981	1
ID=gene-TraAM80_00983	1
ID=gene-TraAM80_00984	1
ID=gene-TraAM80_00985	1
ID=gene-TraAM80_00988	1
ID=gene-TraAM80_00989	1
ID=gene-TraAM80_01023	1
ID=gene-TraAM80_01024	1
ID=gene-TraAM80_01025	1
ID=gene-TraAM80_01026	1
ID=gene-TraAM80_01028	1
ID=gene-TraAM80_01029	1
ID=gene-TraAM80_01030	1
ID=gene-TraAM80_01031	1
ID=gene-TraAM80_01036	1
ID=gene-TraAM80_01038	1
ID=gene-TraAM80_01039	1
ID=gene-TraAM80_01040	1
ID=gene-TraAM80_01041	1
ID=gene-TraAM80_01042	1
ID=gene-TraAM80_01044	1
ID=gene-TraAM80_01045	1
ID=gene-TraAM80_01047	1
ID=gene-TraAM80_01048	1
ID=gene-TraAM80_01049	1
ID=gene-TraAM80_01050	1
ID=gene-TraAM80_01051	1
ID=gene-TraAM80_01053	1
ID=gene-TraAM80_01054	1
ID=gene-TraAM80_01055	1
ID=gene-TraAM80_01056	1
ID=gene-TraAM80_01058	1
ID=gene-TraAM80_01059	1
ID=gene-TraAM80_01099	1
ID=gene-TraAM80_01100	1
ID=gene-TraAM80_01101	1
ID=gene-TraAM80_01103	1
ID=gene-TraAM80_01104	1
ID=gene-TraAM80_01105	1
ID=gene-TraAM80_01106	1
ID=gene-TraAM80_01107	1
ID=gene-TraAM80_01108	1
ID=gene-TraAM80_01109	1
ID=gene-TraAM80_01110	1
ID=gene-TraAM80_01111	1
ID=gene-TraAM80_01112	1
ID=gene-TraAM80_01113	1
ID=gene-TraAM80_01114	1
ID=gene-TraAM80_01115	1
ID=gene-TraAM80_01117	1
ID=gene-TraAM80_01118	1
ID=gene-TraAM80_01119	1
ID=gene-TraAM80_01121	1
ID=gene-TraAM80_01122	1
ID=gene-TraAM80_01123	1
ID=gene-TraAM80_01124	1
ID=gene-TraAM80_01125	1
ID=gene-TraAM80_01126	1
ID=gene-TraAM80_01127	1
ID=gene-TraAM80_01128	1
ID=gene-TraAM80_01129	1
ID=gene-TraAM80_01130	1
ID=gene-TraAM80_01131	1
ID=gene-TraAM80_01132	1
ID=gene-TraAM80_01133	1
ID=gene-TraAM80_01134	1
ID=gene-TraAM80_01135	1
ID=gene-TraAM80_01138	1
ID=gene-TraAM80_01139	1
ID=gene-TraAM80_01140	1
ID=gene-TraAM80_01063	1
ID=gene-TraAM80_01064	1
ID=gene-TraAM80_01065	1
ID=gene-TraAM80_01067	1
ID=gene-TraAM80_01068	1
ID=gene-TraAM80_01069	1
ID=gene-TraAM80_01070	1
ID=gene-TraAM80_01071	1
ID=gene-TraAM80_01072	1
ID=gene-TraAM80_01074	1
ID=gene-TraAM80_01075	1
ID=gene-TraAM80_01076	1
ID=gene-TraAM80_01077	1
ID=gene-TraAM80_01078	1
ID=gene-TraAM80_01079	1
ID=gene-TraAM80_01080	1
ID=gene-TraAM80_01081	1
ID=gene-TraAM80_01082	1
ID=gene-TraAM80_01084	1
ID=gene-TraAM80_01085	1
ID=gene-TraAM80_01086	1
ID=gene-TraAM80_01087	1
ID=gene-TraAM80_01088	1
ID=gene-TraAM80_01089	1
ID=gene-TraAM80_01090	1
ID=gene-TraAM80_01091	1
ID=gene-TraAM80_01092	1
ID=gene-TraAM80_01093	1
ID=gene-TraAM80_01094	1
ID=gene-TraAM80_01095	1
ID=gene-TraAM80_01141	1
ID=gene-TraAM80_01142	1
ID=gene-TraAM80_01143	1
ID=gene-TraAM80_01144	1
ID=gene-TraAM80_01145	1
ID=gene-TraAM80_01146	1
ID=gene-TraAM80_01147	1
ID=gene-TraAM80_01148	1
ID=gene-TraAM80_01149	1
ID=gene-TraAM80_01150	1
ID=gene-TraAM80_01151	1
ID=gene-TraAM80_01152	1
ID=gene-TraAM80_01153	1
ID=gene-TraAM80_01154	1
ID=gene-TraAM80_01156	1
ID=gene-TraAM80_01157	1
ID=gene-TraAM80_01158	1
ID=gene-TraAM80_01159	1
ID=gene-TraAM80_01160	1
ID=gene-TraAM80_01161	1
ID=gene-TraAM80_01162	1
ID=gene-TraAM80_01163	1
ID=gene-TraAM80_01164	1
ID=gene-TraAM80_01165	1
ID=gene-TraAM80_01167	1
ID=gene-TraAM80_01166	1
ID=gene-TraAM80_01168	1
ID=gene-TraAM80_01169	1
ID=gene-TraAM80_01170	1
ID=gene-TraAM80_01172	1
ID=gene-TraAM80_01173	1
ID=gene-TraAM80_01174	1
ID=gene-TraAM80_01176	1
ID=gene-TraAM80_01175	1
ID=gene-TraAM80_01177	1
ID=gene-TraAM80_01179	1
ID=gene-TraAM80_01178	1
ID=gene-TraAM80_01181	1
ID=gene-TraAM80_01180	1
ID=gene-TraAM80_01182	1
ID=gene-TraAM80_01183	1
ID=gene-TraAM80_01184	1
ID=gene-TraAM80_01185	1
ID=gene-TraAM80_01186	1
ID=gene-TraAM80_01187	1
ID=gene-TraAM80_01190	1
ID=gene-TraAM80_01191	1
ID=gene-TraAM80_01192	1
ID=gene-TraAM80_01193	1
ID=gene-TraAM80_01194	1
ID=gene-TraAM80_01195	1
ID=gene-TraAM80_01196	1
ID=gene-TraAM80_01197	1
ID=gene-TraAM80_01198	1
ID=gene-TraAM80_01199	1
ID=gene-TraAM80_01200	1
ID=gene-TraAM80_01201	1
ID=gene-TraAM80_01202	1
ID=gene-TraAM80_01204	1
ID=gene-TraAM80_01205	1
ID=gene-TraAM80_01206	1
ID=gene-TraAM80_01207	1
ID=gene-TraAM80_01208	1
ID=gene-TraAM80_01209	1
ID=gene-TraAM80_01210	1
ID=gene-TraAM80_01211	1
ID=gene-TraAM80_01212	1
ID=gene-TraAM80_01213	1
ID=gene-TraAM80_01214	1
ID=gene-TraAM80_01215	1
ID=gene-TraAM80_01216	1
ID=gene-TraAM80_01217	1
ID=gene-TraAM80_01218	1
ID=gene-TraAM80_01219	1
ID=gene-TraAM80_01220	1
ID=gene-TraAM80_01221	1
ID=gene-TraAM80_01222	1
ID=gene-TraAM80_01223	1
ID=gene-TraAM80_01224	1
ID=gene-TraAM80_01225	1
ID=gene-TraAM80_01226	1
ID=gene-TraAM80_01227	1
ID=gene-TraAM80_01228	1
ID=gene-TraAM80_01229	1
ID=gene-TraAM80_01230	1
ID=gene-TraAM80_01231	1
ID=gene-TraAM80_01232	1
ID=gene-TraAM80_01233	1
ID=gene-TraAM80_01235	1
ID=gene-TraAM80_01236	1
ID=gene-TraAM80_01238	1
ID=gene-TraAM80_01239	1
ID=gene-TraAM80_01241	1
ID=gene-TraAM80_01247	1
ID=gene-TraAM80_01249	1
ID=gene-TraAM80_01252	1
ID=gene-TraAM80_01254	1
ID=gene-TraAM80_01256	1
ID=gene-TraAM80_01257	1
ID=gene-TraAM80_01258	1
ID=gene-TraAM80_01260	1
ID=gene-TraAM80_01261	1
ID=gene-TraAM80_01262	1
ID=gene-TraAM80_01264	1
ID=gene-TraAM80_01265	1
ID=gene-TraAM80_01266	1
ID=gene-TraAM80_01267	1
ID=gene-TraAM80_01268	1
ID=gene-TraAM80_01269	1
ID=gene-TraAM80_01270	1
ID=gene-TraAM80_01271	1
ID=gene-TraAM80_01272	1
ID=gene-TraAM80_01273	1
ID=gene-TraAM80_01274	1
ID=gene-TraAM80_01275	1
ID=gene-TraAM80_01276	1
ID=gene-TraAM80_01277	1
ID=gene-TraAM80_01278	1
ID=gene-TraAM80_01279	1
ID=gene-TraAM80_01280	1
ID=gene-TraAM80_01281	1
ID=gene-TraAM80_01282	1
ID=gene-TraAM80_01283	1
ID=gene-TraAM80_01284	1
ID=gene-TraAM80_01285	1
ID=gene-TraAM80_01286	1
ID=gene-TraAM80_01287	1
ID=gene-TraAM80_01288	1
ID=gene-TraAM80_01289	1
ID=gene-TraAM80_01290	1
ID=gene-TraAM80_01291	1
ID=gene-TraAM80_01292	1
ID=gene-TraAM80_01293	1
ID=gene-TraAM80_01294	1
ID=gene-TraAM80_01295	1
ID=gene-TraAM80_01296	1
ID=gene-TraAM80_01341	1
ID=gene-TraAM80_01342	1
ID=gene-TraAM80_01343	1
ID=gene-TraAM80_01344	1
ID=gene-TraAM80_01345	1
ID=gene-TraAM80_01346	1
ID=gene-TraAM80_01347	1
ID=gene-TraAM80_01348	1
ID=gene-TraAM80_01349	1
ID=gene-TraAM80_01350	1
ID=gene-TraAM80_01351	1
ID=gene-TraAM80_01352	1
ID=gene-TraAM80_01353	1
ID=gene-TraAM80_01354	1
ID=gene-TraAM80_01355	1
ID=gene-TraAM80_01357	1
ID=gene-TraAM80_01359	1
ID=gene-TraAM80_01360	1
ID=gene-TraAM80_01361	1
ID=gene-TraAM80_01362	1
ID=gene-TraAM80_01363	1
ID=gene-TraAM80_01364	1
ID=gene-TraAM80_01365	1
ID=gene-TraAM80_01366	1
ID=gene-TraAM80_01367	1
ID=gene-TraAM80_01368	1
ID=gene-TraAM80_01369	1
ID=gene-TraAM80_01370	1
ID=gene-TraAM80_01371	1
ID=gene-TraAM80_01373	1
ID=gene-TraAM80_01375	1
ID=gene-TraAM80_01376	1
ID=gene-TraAM80_01377	1
ID=gene-TraAM80_01378	1
ID=gene-TraAM80_01379	1
ID=gene-TraAM80_01380	1
ID=gene-TraAM80_01297	1
ID=gene-TraAM80_01298	1
ID=gene-TraAM80_01300	1
ID=gene-TraAM80_01299	1
ID=gene-TraAM80_01301	1
ID=gene-TraAM80_01302	1
ID=gene-TraAM80_01303	1
ID=gene-TraAM80_01304	1
ID=gene-TraAM80_01305	1
ID=gene-TraAM80_01307	1
ID=gene-TraAM80_01308	1
ID=gene-TraAM80_01309	1
ID=gene-TraAM80_01310	1
ID=gene-TraAM80_01311	1
ID=gene-TraAM80_01312	1
ID=gene-TraAM80_01313	1
ID=gene-TraAM80_01314	1
ID=gene-TraAM80_01315	1
ID=gene-TraAM80_01317	1
ID=gene-TraAM80_01318	1
ID=gene-TraAM80_01319	1
ID=gene-TraAM80_01320	1
ID=gene-TraAM80_01321	1
ID=gene-TraAM80_01322	1
ID=gene-TraAM80_01323	1
ID=gene-TraAM80_01324	1
ID=gene-TraAM80_01325	1
ID=gene-TraAM80_01326	1
ID=gene-TraAM80_01327	1
ID=gene-TraAM80_01328	1
ID=gene-TraAM80_01329	1
ID=gene-TraAM80_01330	1
ID=gene-TraAM80_01331	1
ID=gene-TraAM80_01332	1
ID=gene-TraAM80_01333	1
ID=gene-TraAM80_01335	1
ID=gene-TraAM80_01337	1
ID=gene-TraAM80_01339	1
ID=gene-TraAM80_01338	1
ID=gene-TraAM80_01381	1
ID=gene-TraAM80_01382	1
ID=gene-TraAM80_01383	1
ID=gene-TraAM80_01384	1
ID=gene-TraAM80_01385	1
ID=gene-TraAM80_01386	1
ID=gene-TraAM80_01387	1
ID=gene-TraAM80_01388	1
ID=gene-TraAM80_01389	1
ID=gene-TraAM80_01391	1
ID=gene-TraAM80_01390	1
ID=gene-TraAM80_01392	1
ID=gene-TraAM80_01393	1
ID=gene-TraAM80_01394	1
ID=gene-TraAM80_01395	1
ID=gene-TraAM80_01396	1
ID=gene-TraAM80_01397	1
ID=gene-TraAM80_01398	1
ID=gene-TraAM80_01399	1
ID=gene-TraAM80_01401	1
ID=gene-TraAM80_01402	1
ID=gene-TraAM80_01403	1
ID=gene-TraAM80_01404	1
ID=gene-TraAM80_01405	1
ID=gene-TraAM80_01406	1
ID=gene-TraAM80_01407	1
ID=gene-TraAM80_01408	1
ID=gene-TraAM80_01409	1
ID=gene-TraAM80_01410	1
ID=gene-TraAM80_01411	1
ID=gene-TraAM80_01412	1
ID=gene-TraAM80_01413	1
ID=gene-TraAM80_01414	1
ID=gene-TraAM80_01415	1
ID=gene-TraAM80_01417	1
ID=gene-TraAM80_01421	1
ID=gene-TraAM80_01419	1
ID=gene-TraAM80_01424	1
ID=gene-TraAM80_01425	1
ID=gene-TraAM80_01426	1
ID=gene-TraAM80_01427	1
ID=gene-TraAM80_01428	1
ID=gene-TraAM80_01430	1
ID=gene-TraAM80_01431	1
ID=gene-TraAM80_01432	1
ID=gene-TraAM80_01433	1
ID=gene-TraAM80_01434	1
ID=gene-TraAM80_01435	1
ID=gene-TraAM80_01436	1
ID=gene-TraAM80_01437	1
ID=gene-TraAM80_01438	1
ID=gene-TraAM80_01439	1
ID=gene-TraAM80_01440	1
ID=gene-TraAM80_01441	1
ID=gene-TraAM80_01442	1
ID=gene-TraAM80_01443	1
ID=gene-TraAM80_01444	1
ID=gene-TraAM80_01445	1
ID=gene-TraAM80_01446	1
ID=gene-TraAM80_01447	1
ID=gene-TraAM80_01448	1
ID=gene-TraAM80_01449	1
ID=gene-TraAM80_01450	1
ID=gene-TraAM80_01451	1
ID=gene-TraAM80_01452	1
ID=gene-TraAM80_01453	1
ID=gene-TraAM80_01454	1
ID=gene-TraAM80_01455	1
ID=gene-TraAM80_01456	1
ID=gene-TraAM80_01457	1
ID=gene-TraAM80_01458	1
ID=gene-TraAM80_01459	1
ID=gene-TraAM80_01460	1
ID=gene-TraAM80_01461	1
ID=gene-TraAM80_01462	1
ID=gene-TraAM80_01463	1
ID=gene-TraAM80_01467	1
ID=gene-TraAM80_01466	1
ID=gene-TraAM80_01468	1
ID=gene-TraAM80_01469	1
ID=gene-TraAM80_01471	1
ID=gene-TraAM80_01472	1
ID=gene-TraAM80_01473	1
ID=gene-TraAM80_01474	1
ID=gene-TraAM80_01475	1
ID=gene-TraAM80_01476	1
ID=gene-TraAM80_01477	1
ID=gene-TraAM80_01478	1
ID=gene-TraAM80_01479	1
ID=gene-TraAM80_01480	1
ID=gene-TraAM80_01481	1
ID=gene-TraAM80_01482	1
ID=gene-TraAM80_01483	1
ID=gene-TraAM80_01484	1
ID=gene-TraAM80_01485	1
ID=gene-TraAM80_01486	1
ID=gene-TraAM80_01487	1
ID=gene-TraAM80_01488	1
ID=gene-TraAM80_01489	1
ID=gene-TraAM80_01491	1
ID=gene-TraAM80_01493	1
ID=gene-TraAM80_01494	1
ID=gene-TraAM80_01495	1
ID=gene-TraAM80_01496	1
ID=gene-TraAM80_01497	1
ID=gene-TraAM80_01498	1
ID=gene-TraAM80_01499	1
ID=gene-TraAM80_01506	1
ID=gene-TraAM80_01507	1
ID=gene-TraAM80_01508	1
ID=gene-TraAM80_01509	1
ID=gene-TraAM80_01510	1
ID=gene-TraAM80_01511	1
ID=gene-TraAM80_01512	1
ID=gene-TraAM80_01513	1
ID=gene-TraAM80_01514	1
ID=gene-TraAM80_01515	1
ID=gene-TraAM80_01518	1
ID=gene-TraAM80_01519	1
ID=gene-TraAM80_01520	1
ID=gene-TraAM80_01522	1
ID=gene-TraAM80_01523	1
ID=gene-TraAM80_01524	1
ID=gene-TraAM80_01525	1
ID=gene-TraAM80_01526	1
ID=gene-TraAM80_01527	1
ID=gene-TraAM80_01528	1
ID=gene-TraAM80_01529	1
ID=gene-TraAM80_01530	1
ID=gene-TraAM80_01531	1
ID=gene-TraAM80_01532	1
ID=gene-TraAM80_01533	1
ID=gene-TraAM80_01534	1
ID=gene-TraAM80_01535	1
ID=gene-TraAM80_01536	1
ID=gene-TraAM80_01537	1
ID=gene-TraAM80_01538	1
ID=gene-TraAM80_01539	1
ID=gene-TraAM80_01541	1
ID=gene-TraAM80_01542	1
ID=gene-TraAM80_01543	1
ID=gene-TraAM80_01544	1
ID=gene-TraAM80_01545	1
ID=gene-TraAM80_01546	1
ID=gene-TraAM80_01547	1
ID=gene-TraAM80_01548	1
ID=gene-TraAM80_01549	1
ID=gene-TraAM80_01550	1
ID=gene-TraAM80_01552	1
ID=gene-TraAM80_01557	1
ID=gene-TraAM80_01559	1
ID=gene-TraAM80_01560	1
ID=gene-TraAM80_01561	1
ID=gene-TraAM80_01562	1
ID=gene-TraAM80_01564	1
ID=gene-TraAM80_01565	1
ID=gene-TraAM80_01566	1
ID=gene-TraAM80_01567	1
ID=gene-TraAM80_01568	1
ID=gene-TraAM80_01569	1
ID=gene-TraAM80_01570	1
ID=gene-TraAM80_01571	1
ID=gene-TraAM80_01573	1
ID=gene-TraAM80_01574	1
ID=gene-TraAM80_01575	1
ID=gene-TraAM80_01578	1
ID=gene-TraAM80_01577	1
ID=gene-TraAM80_01582	1
ID=gene-TraAM80_01583	1
ID=gene-TraAM80_01584	1
ID=gene-TraAM80_01585	1
ID=gene-TraAM80_01586	1
ID=gene-TraAM80_01587	1
ID=gene-TraAM80_01588	1
ID=gene-TraAM80_01589	1
ID=gene-TraAM80_01590	1
ID=gene-TraAM80_01591	1
ID=gene-TraAM80_01592	1
ID=gene-TraAM80_01593	1
ID=gene-TraAM80_01594	1
ID=gene-TraAM80_01595	1
ID=gene-TraAM80_01597	1
ID=gene-TraAM80_01596	1
ID=gene-TraAM80_01598	1
ID=gene-TraAM80_01600	1
ID=gene-TraAM80_01601	1
ID=gene-TraAM80_01602	1
ID=gene-TraAM80_01603	1
ID=gene-TraAM80_01604	1
ID=gene-TraAM80_01605	1
ID=gene-TraAM80_01606	1
ID=gene-TraAM80_01607	1
ID=gene-TraAM80_01608	1
ID=gene-TraAM80_01682	1
ID=gene-TraAM80_01683	1
ID=gene-TraAM80_01684	1
ID=gene-TraAM80_01685	1
ID=gene-TraAM80_01688	1
ID=gene-TraAM80_01689	1
ID=gene-TraAM80_01690	1
ID=gene-TraAM80_01692	1
ID=gene-TraAM80_01693	1
ID=gene-TraAM80_01694	1
ID=gene-TraAM80_01695	1
ID=gene-TraAM80_01696	1
ID=gene-TraAM80_01697	1
ID=gene-TraAM80_01698	1
ID=gene-TraAM80_01699	1
ID=gene-TraAM80_01700	1
ID=gene-TraAM80_01701	1
ID=gene-TraAM80_01702	1
ID=gene-TraAM80_01703	1
ID=gene-TraAM80_01704	1
ID=gene-TraAM80_01705	1
ID=gene-TraAM80_01706	1
ID=gene-TraAM80_01707	1
ID=gene-TraAM80_01708	1
ID=gene-TraAM80_01709	1
ID=gene-TraAM80_01710	1
ID=gene-TraAM80_01711	1
ID=gene-TraAM80_01712	1
ID=gene-TraAM80_01714	1
ID=gene-TraAM80_01715	1
ID=gene-TraAM80_01716	1
ID=gene-TraAM80_01717	1
ID=gene-TraAM80_01718	1
ID=gene-TraAM80_01719	1
ID=gene-TraAM80_01609	1
ID=gene-TraAM80_01610	1
ID=gene-TraAM80_01612	1
ID=gene-TraAM80_01613	1
ID=gene-TraAM80_01615	1
ID=gene-TraAM80_01616	1
ID=gene-TraAM80_01619	1
ID=gene-TraAM80_01620	1
ID=gene-TraAM80_01621	1
ID=gene-TraAM80_01622	1
ID=gene-TraAM80_01623	1
ID=gene-TraAM80_01624	1
ID=gene-TraAM80_01625	1
ID=gene-TraAM80_01626	1
ID=gene-TraAM80_01627	1
ID=gene-TraAM80_01628	1
ID=gene-TraAM80_01629	1
ID=gene-TraAM80_01630	1
ID=gene-TraAM80_01631	1
ID=gene-TraAM80_01632	1
ID=gene-TraAM80_01633	1
ID=gene-TraAM80_01634	1
ID=gene-TraAM80_01635	1
ID=gene-TraAM80_01636	1
ID=gene-TraAM80_01637	1
ID=gene-TraAM80_01638	1
ID=gene-TraAM80_01639	1
ID=gene-TraAM80_01640	1
ID=gene-TraAM80_01641	1
ID=gene-TraAM80_01642	1
ID=gene-TraAM80_01643	1
ID=gene-TraAM80_01644	1
ID=gene-TraAM80_01645	1
ID=gene-TraAM80_01646	1
ID=gene-TraAM80_01647	1
ID=gene-TraAM80_01648	1
ID=gene-TraAM80_01649	1
ID=gene-TraAM80_01650	1
ID=gene-TraAM80_01652	1
ID=gene-TraAM80_01654	1
ID=gene-TraAM80_01655	1
ID=gene-TraAM80_01658	1
ID=gene-TraAM80_01659	1
ID=gene-TraAM80_01660	1
ID=gene-TraAM80_01662	1
ID=gene-TraAM80_01663	1
ID=gene-TraAM80_01664	1
ID=gene-TraAM80_01665	1
ID=gene-TraAM80_01666	1
ID=gene-TraAM80_01667	1
ID=gene-TraAM80_01668	1
ID=gene-TraAM80_01670	1
ID=gene-TraAM80_01672	1
ID=gene-TraAM80_01673	1
ID=gene-TraAM80_01674	1
ID=gene-TraAM80_01675	1
ID=gene-TraAM80_01676	1
ID=gene-TraAM80_01677	1
ID=gene-TraAM80_01678	1
ID=gene-TraAM80_01679	1
ID=gene-TraAM80_01680	1
ID=gene-TraAM80_01720	1
ID=gene-TraAM80_01722	1
ID=gene-TraAM80_01721	1
ID=gene-TraAM80_01723	1
ID=gene-TraAM80_01724	1
ID=gene-TraAM80_01725	1
ID=gene-TraAM80_01726	1
ID=gene-TraAM80_01727	1
ID=gene-TraAM80_01728	1
ID=gene-TraAM80_01729	1
ID=gene-TraAM80_01731	1
ID=gene-TraAM80_01732	1
ID=gene-TraAM80_01733	1
ID=gene-TraAM80_01734	1
ID=gene-TraAM80_01735	1
ID=gene-TraAM80_01736	1
ID=gene-TraAM80_01743	1
ID=gene-TraAM80_01744	1
ID=gene-TraAM80_01745	1
ID=gene-TraAM80_01746	1
ID=gene-TraAM80_01747	1
ID=gene-TraAM80_01748	1
ID=gene-TraAM80_01749	1
ID=gene-TraAM80_01750	1
ID=gene-TraAM80_01752	1
ID=gene-TraAM80_01753	1
ID=gene-TraAM80_01754	1
ID=gene-TraAM80_01755	1
ID=gene-TraAM80_01756	1
ID=gene-TraAM80_01759	1
ID=gene-TraAM80_01827	1
ID=gene-TraAM80_01828	1
ID=gene-TraAM80_01829	1
ID=gene-TraAM80_01832	1
ID=gene-TraAM80_01833	1
ID=gene-TraAM80_01834	1
ID=gene-TraAM80_01835	1
ID=gene-TraAM80_01836	1
ID=gene-TraAM80_01837	1
ID=gene-TraAM80_01838	1
ID=gene-TraAM80_01839	1
ID=gene-TraAM80_01843	1
ID=gene-TraAM80_01841	1
ID=gene-TraAM80_01842	1
ID=gene-TraAM80_01844	1
ID=gene-TraAM80_01845	1
ID=gene-TraAM80_01846	1
ID=gene-TraAM80_01848	1
ID=gene-TraAM80_01849	1
ID=gene-TraAM80_01851	1
ID=gene-TraAM80_01850	1
ID=gene-TraAM80_01852	1
ID=gene-TraAM80_01854	1
ID=gene-TraAM80_01857	1
ID=gene-TraAM80_01858	1
ID=gene-TraAM80_01859	1
ID=gene-TraAM80_01860	1
ID=gene-TraAM80_01861	1
ID=gene-TraAM80_01862	1
ID=gene-TraAM80_01801	1
ID=gene-TraAM80_01802	1
ID=gene-TraAM80_01803	1
ID=gene-TraAM80_01804	1
ID=gene-TraAM80_01805	1
ID=gene-TraAM80_01806	1
ID=gene-TraAM80_01807	1
ID=gene-TraAM80_01808	1
ID=gene-TraAM80_01809	1
ID=gene-TraAM80_01810	1
ID=gene-TraAM80_01811	1
ID=gene-TraAM80_01812	1
ID=gene-TraAM80_01813	1
ID=gene-TraAM80_01814	1
ID=gene-TraAM80_01815	1
ID=gene-TraAM80_01816	1
ID=gene-TraAM80_01817	1
ID=gene-TraAM80_01818	1
ID=gene-TraAM80_01819	1
ID=gene-TraAM80_01820	1
ID=gene-TraAM80_01821	1
ID=gene-TraAM80_01822	1
ID=gene-TraAM80_01824	1
ID=gene-TraAM80_01940	1
ID=gene-TraAM80_01941	1
ID=gene-TraAM80_01942	1
ID=gene-TraAM80_01945	1
ID=gene-TraAM80_01946	1
ID=gene-TraAM80_01947	1
ID=gene-TraAM80_01948	1
ID=gene-TraAM80_01950	1
ID=gene-TraAM80_01951	1
ID=gene-TraAM80_01953	1
ID=gene-TraAM80_01954	1
ID=gene-TraAM80_01955	1
ID=gene-TraAM80_01956	1
ID=gene-TraAM80_01957	1
ID=gene-TraAM80_01959	1
ID=gene-TraAM80_01960	1
ID=gene-TraAM80_01961	1
ID=gene-TraAM80_01962	1
ID=gene-TraAM80_01964	1
ID=gene-TraAM80_01965	1
ID=gene-TraAM80_01966	1
ID=gene-TraAM80_01967	1
ID=gene-TraAM80_01968	1
ID=gene-TraAM80_01969	1
ID=gene-TraAM80_01970	1
ID=gene-TraAM80_01971	1
ID=gene-TraAM80_01972	1
ID=gene-TraAM80_01973	1
ID=gene-TraAM80_01974	1
ID=gene-TraAM80_01975	1
ID=gene-TraAM80_01976	1
ID=gene-TraAM80_01978	1
ID=gene-TraAM80_01977	1
ID=gene-TraAM80_01979	1
ID=gene-TraAM80_01980	1
ID=gene-TraAM80_01866	1
ID=gene-TraAM80_01867	1
ID=gene-TraAM80_01868	1
ID=gene-TraAM80_01869	1
ID=gene-TraAM80_01870	1
ID=gene-TraAM80_01871	1
ID=gene-TraAM80_01872	1
ID=gene-TraAM80_01873	1
ID=gene-TraAM80_01874	1
ID=gene-TraAM80_01875	1
ID=gene-TraAM80_01876	1
ID=gene-TraAM80_01877	1
ID=gene-TraAM80_01878	1
ID=gene-TraAM80_01879	1
ID=gene-TraAM80_01880	1
ID=gene-TraAM80_01881	1
ID=gene-TraAM80_01882	1
ID=gene-TraAM80_01883	1
ID=gene-TraAM80_01884	1
ID=gene-TraAM80_01885	1
ID=gene-TraAM80_01888	1
ID=gene-TraAM80_01889	1
ID=gene-TraAM80_01890	1
ID=gene-TraAM80_01892	1
ID=gene-TraAM80_01894	1
ID=gene-TraAM80_01895	1
ID=gene-TraAM80_01896	1
ID=gene-TraAM80_01897	1
ID=gene-TraAM80_01898	1
ID=gene-TraAM80_01899	1
ID=gene-TraAM80_01900	1
ID=gene-TraAM80_01901	1
ID=gene-TraAM80_01902	1
ID=gene-TraAM80_01905	1
ID=gene-TraAM80_01906	1
ID=gene-TraAM80_01907	1
ID=gene-TraAM80_01908	1
ID=gene-TraAM80_01909	1
ID=gene-TraAM80_01910	1
ID=gene-TraAM80_01911	1
ID=gene-TraAM80_01912	1
ID=gene-TraAM80_01913	1
ID=gene-TraAM80_01914	1
ID=gene-TraAM80_01915	1
ID=gene-TraAM80_01917	1
ID=gene-TraAM80_01918	1
ID=gene-TraAM80_01919	1
ID=gene-TraAM80_01920	1
ID=gene-TraAM80_01921	1
ID=gene-TraAM80_01922	1
ID=gene-TraAM80_01924	1
ID=gene-TraAM80_01926	1
ID=gene-TraAM80_01927	1
ID=gene-TraAM80_01928	1
ID=gene-TraAM80_01929	1
ID=gene-TraAM80_01930	1
ID=gene-TraAM80_01931	1
ID=gene-TraAM80_01932	1
ID=gene-TraAM80_01933	1
ID=gene-TraAM80_01934	1
ID=gene-TraAM80_01935	1
ID=gene-TraAM80_01936	1
ID=gene-TraAM80_01937	1
ID=gene-TraAM80_01938	1
ID=gene-TraAM80_01939	1
ID=gene-TraAM80_01981	1
ID=gene-TraAM80_01982	1
ID=gene-TraAM80_01983	1
ID=gene-TraAM80_01984	1
ID=gene-TraAM80_01985	1
ID=gene-TraAM80_01986	1
ID=gene-TraAM80_01987	1
ID=gene-TraAM80_01988	1
ID=gene-TraAM80_01989	1
ID=gene-TraAM80_01990	1
ID=gene-TraAM80_01991	1
ID=gene-TraAM80_01992	1
ID=gene-TraAM80_01993	1
ID=gene-TraAM80_01994	1
ID=gene-TraAM80_01995	1
ID=gene-TraAM80_01996	1
ID=gene-TraAM80_01997	1
ID=gene-TraAM80_01999	1
ID=gene-TraAM80_02000	1
ID=gene-TraAM80_02001	1
ID=gene-TraAM80_02002	1
ID=gene-TraAM80_02003	1
ID=gene-TraAM80_02004	1
ID=gene-TraAM80_02005	1
ID=gene-TraAM80_02006	1
ID=gene-TraAM80_02007	1
ID=gene-TraAM80_02011	1
ID=gene-TraAM80_02010	1
ID=gene-TraAM80_02012	1
ID=gene-TraAM80_02013	1
ID=gene-TraAM80_02014	1
ID=gene-TraAM80_02015	1
ID=gene-TraAM80_02016	1
ID=gene-TraAM80_02017	1
ID=gene-TraAM80_02018	1
ID=gene-TraAM80_02019	1
ID=gene-TraAM80_02020	1
ID=gene-TraAM80_02021	1
ID=gene-TraAM80_02022	1
ID=gene-TraAM80_02023	1
ID=gene-TraAM80_02024	1
ID=gene-TraAM80_02025	1
ID=gene-TraAM80_02027	1
ID=gene-TraAM80_02028	1
ID=gene-TraAM80_02029	1
ID=gene-TraAM80_02030	1
ID=gene-TraAM80_02031	1
ID=gene-TraAM80_02032	1
ID=gene-TraAM80_02033	1
ID=gene-TraAM80_02034	1
ID=gene-TraAM80_02035	1
ID=gene-TraAM80_02036	1
ID=gene-TraAM80_02037	1
ID=gene-TraAM80_02038	1
ID=gene-TraAM80_02039	1
ID=gene-TraAM80_02040	1
ID=gene-TraAM80_02041	1
ID=gene-TraAM80_02042	1
ID=gene-TraAM80_02043	1
ID=gene-TraAM80_02044	1
ID=gene-TraAM80_02045	1
ID=gene-TraAM80_02046	1
ID=gene-TraAM80_02047	1
ID=gene-TraAM80_02049	1
ID=gene-TraAM80_02050	1
ID=gene-TraAM80_02051	1
ID=gene-TraAM80_02052	1
ID=gene-TraAM80_02053	1
ID=gene-TraAM80_02054	1
ID=gene-TraAM80_02055	1
ID=gene-TraAM80_02056	1
ID=gene-TraAM80_02057	1
ID=gene-TraAM80_02058	1
ID=gene-TraAM80_02059	1
ID=gene-TraAM80_02060	1
ID=gene-TraAM80_02061	1
ID=gene-TraAM80_02062	1
ID=gene-TraAM80_02063	1
ID=gene-TraAM80_02064	1
ID=gene-TraAM80_02065	1
ID=gene-TraAM80_02067	1
ID=gene-TraAM80_02068	1
ID=gene-TraAM80_02069	1
ID=gene-TraAM80_02070	1
ID=gene-TraAM80_02071	1
ID=gene-TraAM80_02072	1
ID=gene-TraAM80_02073	1
ID=gene-TraAM80_02074	1
ID=gene-TraAM80_02075	1
ID=gene-TraAM80_02077	1
ID=gene-TraAM80_02080	1
ID=gene-TraAM80_02081	1
ID=gene-TraAM80_02082	1
ID=gene-TraAM80_02083	1
ID=gene-TraAM80_02084	1
ID=gene-TraAM80_02085	1
ID=gene-TraAM80_02086	1
ID=gene-TraAM80_02087	1
ID=gene-TraAM80_02091	1
ID=gene-TraAM80_02092	1
ID=gene-TraAM80_02093	1
ID=gene-TraAM80_02096	1
ID=gene-TraAM80_02097	1
ID=gene-TraAM80_02100	1
ID=gene-TraAM80_02101	1
ID=gene-TraAM80_02102	1
ID=gene-TraAM80_02104	1
ID=gene-TraAM80_02105	1
ID=gene-TraAM80_02106	1
ID=gene-TraAM80_02107	1
ID=gene-TraAM80_02108	1
ID=gene-TraAM80_02109	1
ID=gene-TraAM80_02110	1
ID=gene-TraAM80_02111	1
ID=gene-TraAM80_02113	1
ID=gene-TraAM80_02115	1
ID=gene-TraAM80_02116	1
ID=gene-TraAM80_02117	1
ID=gene-TraAM80_02119	1
ID=gene-TraAM80_02120	1
ID=gene-TraAM80_02121	1
ID=gene-TraAM80_02122	1
ID=gene-TraAM80_02123	1
ID=gene-TraAM80_02125	1
ID=gene-TraAM80_02124	1
ID=gene-TraAM80_02126	1
ID=gene-TraAM80_02127	1
ID=gene-TraAM80_02128	1
ID=gene-TraAM80_02129	1
ID=gene-TraAM80_02130	1
ID=gene-TraAM80_02131	1
ID=gene-TraAM80_02132	1
ID=gene-TraAM80_02133	1
ID=gene-TraAM80_02134	1
ID=gene-TraAM80_02135	1
ID=gene-TraAM80_02137	1
ID=gene-TraAM80_02138	1
ID=gene-TraAM80_02139	1
ID=gene-TraAM80_02140	1
ID=gene-TraAM80_02141	1
ID=gene-TraAM80_02142	1
ID=gene-TraAM80_02144	1
ID=gene-TraAM80_02145	1
ID=gene-TraAM80_02146	1
ID=gene-TraAM80_02147	1
ID=gene-TraAM80_02148	1
ID=gene-TraAM80_02149	1
ID=gene-TraAM80_02150	1
ID=gene-TraAM80_02151	1
ID=gene-TraAM80_02152	1
ID=gene-TraAM80_02153	1
ID=gene-TraAM80_02154	1
ID=gene-TraAM80_02155	1
ID=gene-TraAM80_02157	1
ID=gene-TraAM80_02158	1
ID=gene-TraAM80_02159	1
ID=gene-TraAM80_02160	1
ID=gene-TraAM80_02161	1
ID=gene-TraAM80_02162	1
ID=gene-TraAM80_02163	1
ID=gene-TraAM80_02164	1
ID=gene-TraAM80_02165	1
ID=gene-TraAM80_02166	1
ID=gene-TraAM80_02167	1
ID=gene-TraAM80_02168	1
ID=gene-TraAM80_02169	1
ID=gene-TraAM80_02170	1
ID=gene-TraAM80_02172	1
ID=gene-TraAM80_02173	1
ID=gene-TraAM80_02174	1
ID=gene-TraAM80_02175	1
ID=gene-TraAM80_02176	1
ID=gene-TraAM80_02177	1
ID=gene-TraAM80_02178	1
ID=gene-TraAM80_02179	1
ID=gene-TraAM80_02180	1
ID=gene-TraAM80_02181	1
ID=gene-TraAM80_02182	1
ID=gene-TraAM80_02183	1
ID=gene-TraAM80_02184	1
ID=gene-TraAM80_02185	1
ID=gene-TraAM80_02187	1
ID=gene-TraAM80_02188	1
ID=gene-TraAM80_02189	1
ID=gene-TraAM80_02190	1
ID=gene-TraAM80_02191	1
ID=gene-TraAM80_02192	1
ID=gene-TraAM80_02193	1
ID=gene-TraAM80_02194	1
ID=gene-TraAM80_02195	1
ID=gene-TraAM80_02196	1
ID=gene-TraAM80_02197	1
ID=gene-TraAM80_02199	1
ID=gene-TraAM80_02200	1
ID=gene-TraAM80_02201	1
ID=gene-TraAM80_02203	1
ID=gene-TraAM80_02204	1
ID=gene-TraAM80_02205	1
ID=gene-TraAM80_02206	1
ID=gene-TraAM80_02207	1
ID=gene-TraAM80_02208	1
ID=gene-TraAM80_02210	1
ID=gene-TraAM80_02211	1
ID=gene-TraAM80_02212	1
ID=gene-TraAM80_02213	1
ID=gene-TraAM80_02214	1
ID=gene-TraAM80_02215	1
ID=gene-TraAM80_02216	1
ID=gene-TraAM80_02217	1
ID=gene-TraAM80_02218	1
ID=gene-TraAM80_02219	1
ID=gene-TraAM80_02220	1
ID=gene-TraAM80_02221	1
ID=gene-TraAM80_02222	1
ID=gene-TraAM80_02223	1
ID=gene-TraAM80_02224	1
ID=gene-TraAM80_02225	1
ID=gene-TraAM80_02226	1
ID=gene-TraAM80_02227	1
ID=gene-TraAM80_02228	1
ID=gene-TraAM80_02229	1
ID=gene-TraAM80_02230	1
ID=gene-TraAM80_02231	1
ID=gene-TraAM80_02232	1
ID=gene-TraAM80_02233	1
ID=gene-TraAM80_02234	1
ID=gene-TraAM80_02235	1
ID=gene-TraAM80_02236	1
ID=gene-TraAM80_02237	1
ID=gene-TraAM80_02238	1
ID=gene-TraAM80_02239	1
ID=gene-TraAM80_02240	1
ID=gene-TraAM80_02241	1
ID=gene-TraAM80_02242	1
ID=gene-TraAM80_02243	1
ID=gene-TraAM80_02244	1
ID=gene-TraAM80_02245	1
ID=gene-TraAM80_02246	1
ID=gene-TraAM80_02247	1
ID=gene-TraAM80_02248	1
ID=gene-TraAM80_02249	1
ID=gene-TraAM80_02250	1
ID=gene-TraAM80_02251	1
ID=gene-TraAM80_02252	1
ID=gene-TraAM80_02253	1
ID=gene-TraAM80_02254	1
ID=gene-TraAM80_02255	1
ID=gene-TraAM80_02256	1
ID=gene-TraAM80_02258	1
ID=gene-TraAM80_02257	1
ID=gene-TraAM80_02259	1
ID=gene-TraAM80_02260	1
ID=gene-TraAM80_02261	1
ID=gene-TraAM80_02262	1
ID=gene-TraAM80_02263	1
ID=gene-TraAM80_02264	1
ID=gene-TraAM80_02265	1
ID=gene-TraAM80_02266	1
ID=gene-TraAM80_02267	1
ID=gene-TraAM80_02270	1
ID=gene-TraAM80_02272	1
ID=gene-TraAM80_02273	1
ID=gene-TraAM80_02274	1
ID=gene-TraAM80_02275	1
ID=gene-TraAM80_02277	1
ID=gene-TraAM80_02278	1
ID=gene-TraAM80_02279	1
ID=gene-TraAM80_02280	1
ID=gene-TraAM80_02281	1
ID=gene-TraAM80_02282	1
ID=gene-TraAM80_02283	1
ID=gene-TraAM80_02284	1
ID=gene-TraAM80_02285	1
ID=gene-TraAM80_02286	1
ID=gene-TraAM80_02287	1
ID=gene-TraAM80_02289	1
ID=gene-TraAM80_02290	1
ID=gene-TraAM80_02291	1
ID=gene-TraAM80_02292	1
ID=gene-TraAM80_02293	1
ID=gene-TraAM80_02294	1
ID=gene-TraAM80_02295	1
ID=gene-TraAM80_02296	1
ID=gene-TraAM80_02297	1
ID=gene-TraAM80_02298	1
ID=gene-TraAM80_02299	1
ID=gene-TraAM80_02300	1
ID=gene-TraAM80_02301	1
ID=gene-TraAM80_02302	1
ID=gene-TraAM80_02303	1
ID=gene-TraAM80_02304	1
ID=gene-TraAM80_02305	1
ID=gene-TraAM80_02306	1
ID=gene-TraAM80_02307	1
ID=gene-TraAM80_02308	1
ID=gene-TraAM80_02310	1
ID=gene-TraAM80_02312	1
ID=gene-TraAM80_02314	1
ID=gene-TraAM80_02316	1
ID=gene-TraAM80_02317	1
ID=gene-TraAM80_02318	1
ID=gene-TraAM80_02319	1
ID=gene-TraAM80_02322	1
ID=gene-TraAM80_02323	1
ID=gene-TraAM80_02324	1
ID=gene-TraAM80_02325	1
ID=gene-TraAM80_02326	1
ID=gene-TraAM80_02327	1
ID=gene-TraAM80_02328	1
ID=gene-TraAM80_02329	1
ID=gene-TraAM80_02330	1
ID=gene-TraAM80_02331	1
ID=gene-TraAM80_02332	1
ID=gene-TraAM80_02334	1
ID=gene-TraAM80_02338	1
ID=gene-TraAM80_02339	1
ID=gene-TraAM80_02340	1
ID=gene-TraAM80_02341	1
ID=gene-TraAM80_02343	1
ID=gene-TraAM80_02344	1
ID=gene-TraAM80_02345	1
ID=gene-TraAM80_02347	1
ID=gene-TraAM80_02348	1
ID=gene-TraAM80_02349	1
ID=gene-TraAM80_02350	1
ID=gene-TraAM80_02352	1
ID=gene-TraAM80_02382	1
ID=gene-TraAM80_02384	1
ID=gene-TraAM80_02387	1
ID=gene-TraAM80_02389	1
ID=gene-TraAM80_02390	1
ID=gene-TraAM80_02391	1
ID=gene-TraAM80_02392	1
ID=gene-TraAM80_02393	1
ID=gene-TraAM80_02394	1
ID=gene-TraAM80_02395	1
ID=gene-TraAM80_02396	1
ID=gene-TraAM80_02397	1
ID=gene-TraAM80_02398	1
ID=gene-TraAM80_02399	1
ID=gene-TraAM80_02400	1
ID=gene-TraAM80_02401	1
ID=gene-TraAM80_02402	1
ID=gene-TraAM80_02403	1
ID=gene-TraAM80_02404	1
ID=gene-TraAM80_02405	1
ID=gene-TraAM80_02406	1
ID=gene-TraAM80_02407	1
ID=gene-TraAM80_02408	1
ID=gene-TraAM80_02501	1
ID=gene-TraAM80_02503	1
ID=gene-TraAM80_02504	1
ID=gene-TraAM80_02505	1
ID=gene-TraAM80_02506	1
ID=gene-TraAM80_02507	1
ID=gene-TraAM80_02508	1
ID=gene-TraAM80_02509	1
ID=gene-TraAM80_02510	1
ID=gene-TraAM80_02511	1
ID=gene-TraAM80_02512	1
ID=gene-TraAM80_02513	1
ID=gene-TraAM80_02514	1
ID=gene-TraAM80_02516	1
ID=gene-TraAM80_02515	1
ID=gene-TraAM80_02517	1
ID=gene-TraAM80_02518	1
ID=gene-TraAM80_02519	1
ID=gene-TraAM80_02520	1
ID=gene-TraAM80_02521	1
ID=gene-TraAM80_02522	1
ID=gene-TraAM80_02523	1
ID=gene-TraAM80_02524	1
ID=gene-TraAM80_02525	1
ID=gene-TraAM80_02526	1
ID=gene-TraAM80_02527	1
ID=gene-TraAM80_02528	1
ID=gene-TraAM80_02529	1
ID=gene-TraAM80_02530	1
ID=gene-TraAM80_02531	1
ID=gene-TraAM80_02420	1
ID=gene-TraAM80_02421	1
ID=gene-TraAM80_02422	1
ID=gene-TraAM80_02423	1
ID=gene-TraAM80_02424	1
ID=gene-TraAM80_02425	1
ID=gene-TraAM80_02426	1
ID=gene-TraAM80_02430	1
ID=gene-TraAM80_02432	1
ID=gene-TraAM80_02434	1
ID=gene-TraAM80_02435	1
ID=gene-TraAM80_02436	1
ID=gene-TraAM80_02359	1
ID=gene-TraAM80_02360	1
ID=gene-TraAM80_02361	1
ID=gene-TraAM80_02364	1
ID=gene-TraAM80_02363	1
ID=gene-TraAM80_02366	1
ID=gene-TraAM80_02365	1
ID=gene-TraAM80_02367	1
ID=gene-TraAM80_02369	1
ID=gene-TraAM80_02370	1
ID=gene-TraAM80_02371	1
ID=gene-TraAM80_02372	1
ID=gene-TraAM80_02373	1
ID=gene-TraAM80_02374	1
ID=gene-TraAM80_02375	1
ID=gene-TraAM80_02376	1
ID=gene-TraAM80_02377	1
ID=gene-TraAM80_02378	1
ID=gene-TraAM80_02379	1
ID=gene-TraAM80_02380	1
ID=gene-TraAM80_02437	1
ID=gene-TraAM80_02438	1
ID=gene-TraAM80_02439	1
ID=gene-TraAM80_02440	1
ID=gene-TraAM80_02443	1
ID=gene-TraAM80_02444	1
ID=gene-TraAM80_02445	1
ID=gene-TraAM80_02447	1
ID=gene-TraAM80_02448	1
ID=gene-TraAM80_02449	1
ID=gene-TraAM80_02450	1
ID=gene-TraAM80_02452	1
ID=gene-TraAM80_02453	1
ID=gene-TraAM80_02454	1
ID=gene-TraAM80_02455	1
ID=gene-TraAM80_02456	1
ID=gene-TraAM80_02457	1
ID=gene-TraAM80_02459	1
ID=gene-TraAM80_02460	1
ID=gene-TraAM80_02461	1
ID=gene-TraAM80_02462	1
ID=gene-TraAM80_02464	1
ID=gene-TraAM80_02465	1
ID=gene-TraAM80_02466	1
ID=gene-TraAM80_02467	1
ID=gene-TraAM80_02468	1
ID=gene-TraAM80_02469	1
ID=gene-TraAM80_02471	1
ID=gene-TraAM80_02472	1
ID=gene-TraAM80_02474	1
ID=gene-TraAM80_02475	1
ID=gene-TraAM80_02476	1
ID=gene-TraAM80_02477	1
ID=gene-TraAM80_02478	1
ID=gene-TraAM80_02479	1
ID=gene-TraAM80_02480	1
ID=gene-TraAM80_02481	1
ID=gene-TraAM80_02482	1
ID=gene-TraAM80_02484	1
ID=gene-TraAM80_02483	1
ID=gene-TraAM80_02485	1
ID=gene-TraAM80_02487	1
ID=gene-TraAM80_02488	1
ID=gene-TraAM80_02489	1
ID=gene-TraAM80_02490	1
ID=gene-TraAM80_02491	1
ID=gene-TraAM80_02492	1
ID=gene-TraAM80_02493	1
ID=gene-TraAM80_02494	1
ID=gene-TraAM80_02495	1
ID=gene-TraAM80_02496	1
ID=gene-TraAM80_02497	1
ID=gene-TraAM80_02498	1
ID=gene-TraAM80_02499	1
ID=gene-TraAM80_02500	1
ID=gene-TraAM80_02532	1
ID=gene-TraAM80_02533	1
ID=gene-TraAM80_02534	1
ID=gene-TraAM80_02535	1
ID=gene-TraAM80_02536	1
ID=gene-TraAM80_02537	1
ID=gene-TraAM80_02539	1
ID=gene-TraAM80_02540	1
ID=gene-TraAM80_02541	1
ID=gene-TraAM80_02542	1
ID=gene-TraAM80_02543	1
ID=gene-TraAM80_02544	1
ID=gene-TraAM80_02545	1
ID=gene-TraAM80_02546	1
ID=gene-TraAM80_02547	1
ID=gene-TraAM80_02548	1
ID=gene-TraAM80_02549	1
ID=gene-TraAM80_02550	1
ID=gene-TraAM80_02551	1
ID=gene-TraAM80_02552	1
ID=gene-TraAM80_02553	1
ID=gene-TraAM80_02554	1
ID=gene-TraAM80_02555	1
ID=gene-TraAM80_02556	1
ID=gene-TraAM80_02557	1
ID=gene-TraAM80_02558	1
ID=gene-TraAM80_02559	1
ID=gene-TraAM80_02560	1
ID=gene-TraAM80_02561	1
ID=gene-TraAM80_02562	1
ID=gene-TraAM80_02563	1
ID=gene-TraAM80_02564	1
ID=gene-TraAM80_02565	1
ID=gene-TraAM80_02569	1
ID=gene-TraAM80_02570	1
ID=gene-TraAM80_02571	1
ID=gene-TraAM80_02572	1
ID=gene-TraAM80_02573	1
ID=gene-TraAM80_02574	1
ID=gene-TraAM80_02575	1
ID=gene-TraAM80_02576	1
ID=gene-TraAM80_02577	1
ID=gene-TraAM80_02578	1
ID=gene-TraAM80_02579	1
ID=gene-TraAM80_02581	1
ID=gene-TraAM80_02582	1
ID=gene-TraAM80_02585	1
ID=gene-TraAM80_02586	1
ID=gene-TraAM80_02587	1
ID=gene-TraAM80_02588	1
ID=gene-TraAM80_02590	1
ID=gene-TraAM80_02591	1
ID=gene-TraAM80_02592	1
ID=gene-TraAM80_02593	1
ID=gene-TraAM80_02594	1
ID=gene-TraAM80_02595	1
ID=gene-TraAM80_02597	1
ID=gene-TraAM80_02598	1
ID=gene-TraAM80_02599	1
ID=gene-TraAM80_02600	1
ID=gene-TraAM80_02602	1
ID=gene-TraAM80_02604	1
ID=gene-TraAM80_02603	1
ID=gene-TraAM80_02605	1
ID=gene-TraAM80_02606	1
ID=gene-TraAM80_02607	1
ID=gene-TraAM80_02608	1
ID=gene-TraAM80_02609	1
ID=gene-TraAM80_02610	1
ID=gene-TraAM80_02611	1
ID=gene-TraAM80_02612	1
ID=gene-TraAM80_02614	1
ID=gene-TraAM80_02615	1
ID=gene-TraAM80_02616	1
ID=gene-TraAM80_02617	1
ID=gene-TraAM80_02618	1
ID=gene-TraAM80_02619	1
ID=gene-TraAM80_02620	1
ID=gene-TraAM80_02621	1
ID=gene-TraAM80_02622	1
ID=gene-TraAM80_02623	1
ID=gene-TraAM80_02624	1
ID=gene-TraAM80_02625	1
ID=gene-TraAM80_02627	1
ID=gene-TraAM80_02628	1
ID=gene-TraAM80_02629	1
ID=gene-TraAM80_02630	1
ID=gene-TraAM80_02634	1
ID=gene-TraAM80_02644	1
ID=gene-TraAM80_02645	1
ID=gene-TraAM80_02646	1
ID=gene-TraAM80_02647	1
ID=gene-TraAM80_02648	1
ID=gene-TraAM80_02649	1
ID=gene-TraAM80_02650	1
ID=gene-TraAM80_02651	1
ID=gene-TraAM80_02652	1
ID=gene-TraAM80_02653	1
ID=gene-TraAM80_02654	1
ID=gene-TraAM80_02655	1
ID=gene-TraAM80_02657	1
ID=gene-TraAM80_02658	1
ID=gene-TraAM80_02659	1
ID=gene-TraAM80_02661	1
ID=gene-TraAM80_02663	1
ID=gene-TraAM80_02664	1
ID=gene-TraAM80_02665	1
ID=gene-TraAM80_02666	1
ID=gene-TraAM80_02668	1
ID=gene-TraAM80_02669	1
ID=gene-TraAM80_02671	1
ID=gene-TraAM80_02673	1
ID=gene-TraAM80_02674	1
ID=gene-TraAM80_02676	1
ID=gene-TraAM80_02677	1
ID=gene-TraAM80_02678	1
ID=gene-TraAM80_02679	1
ID=gene-TraAM80_02681	1
ID=gene-TraAM80_02682	1
ID=gene-TraAM80_02683	1
ID=gene-TraAM80_02684	1
ID=gene-TraAM80_02685	1
ID=gene-TraAM80_02686	1
ID=gene-TraAM80_02689	1
ID=gene-TraAM80_02690	1
ID=gene-TraAM80_02692	1
ID=gene-TraAM80_02693	1
ID=gene-TraAM80_02694	1
ID=gene-TraAM80_02695	1
ID=gene-TraAM80_02696	1
ID=gene-TraAM80_02697	1
ID=gene-TraAM80_02759	1
ID=gene-TraAM80_02760	1
ID=gene-TraAM80_02761	1
ID=gene-TraAM80_02762	1
ID=gene-TraAM80_02763	1
ID=gene-TraAM80_02764	1
ID=gene-TraAM80_02765	1
ID=gene-TraAM80_02766	1
ID=gene-TraAM80_02767	1
ID=gene-TraAM80_02768	1
ID=gene-TraAM80_02771	1
ID=gene-TraAM80_02770	1
ID=gene-TraAM80_02772	1
ID=gene-TraAM80_02773	1
ID=gene-TraAM80_02774	1
ID=gene-TraAM80_02775	1
ID=gene-TraAM80_02776	1
ID=gene-TraAM80_02777	1
ID=gene-TraAM80_02778	1
ID=gene-TraAM80_02780	1
ID=gene-TraAM80_02781	1
ID=gene-TraAM80_02782	1
ID=gene-TraAM80_02783	1
ID=gene-TraAM80_02699	1
ID=gene-TraAM80_02700	1
ID=gene-TraAM80_02701	1
ID=gene-TraAM80_02702	1
ID=gene-TraAM80_02703	1
ID=gene-TraAM80_02704	1
ID=gene-TraAM80_02705	1
ID=gene-TraAM80_02706	1
ID=gene-TraAM80_02707	1
ID=gene-TraAM80_02708	1
ID=gene-TraAM80_02709	1
ID=gene-TraAM80_02710	1
ID=gene-TraAM80_02711	1
ID=gene-TraAM80_02712	1
ID=gene-TraAM80_02714	1
ID=gene-TraAM80_02715	1
ID=gene-TraAM80_02716	1
ID=gene-TraAM80_02717	1
ID=gene-TraAM80_02718	1
ID=gene-TraAM80_02719	1
ID=gene-TraAM80_02720	1
ID=gene-TraAM80_02721	1
ID=gene-TraAM80_02722	1
ID=gene-TraAM80_02723	1
ID=gene-TraAM80_02724	1
ID=gene-TraAM80_02725	1
ID=gene-TraAM80_02726	1
ID=gene-TraAM80_02727	1
ID=gene-TraAM80_02729	1
ID=gene-TraAM80_02730	1
ID=gene-TraAM80_02731	1
ID=gene-TraAM80_02732	1
ID=gene-TraAM80_02733	1
ID=gene-TraAM80_02734	1
ID=gene-TraAM80_02735	1
ID=gene-TraAM80_02738	1
ID=gene-TraAM80_02740	1
ID=gene-TraAM80_02741	1
ID=gene-TraAM80_02742	1
ID=gene-TraAM80_02743	1
ID=gene-TraAM80_02744	1
ID=gene-TraAM80_02745	1
ID=gene-TraAM80_02746	1
ID=gene-TraAM80_02747	1
ID=gene-TraAM80_02748	1
ID=gene-TraAM80_02750	1
ID=gene-TraAM80_02751	1
ID=gene-TraAM80_02752	1
ID=gene-TraAM80_02753	1
ID=gene-TraAM80_02754	1
ID=gene-TraAM80_02755	1
ID=gene-TraAM80_02837	1
ID=gene-TraAM80_02839	1
ID=gene-TraAM80_02838	1
ID=gene-TraAM80_02840	1
ID=gene-TraAM80_02841	1
ID=gene-TraAM80_02842	1
ID=gene-TraAM80_02844	1
ID=gene-TraAM80_02845	1
ID=gene-TraAM80_02846	1
ID=gene-TraAM80_02848	1
ID=gene-TraAM80_02849	1
ID=gene-TraAM80_02850	1
ID=gene-TraAM80_02851	1
ID=gene-TraAM80_02853	1
ID=gene-TraAM80_02854	1
ID=gene-TraAM80_02856	1
ID=gene-TraAM80_02857	1
ID=gene-TraAM80_02858	1
ID=gene-TraAM80_02859	1
ID=gene-TraAM80_02860	1
ID=gene-TraAM80_02861	1
ID=gene-TraAM80_02862	1
ID=gene-TraAM80_02863	1
ID=gene-TraAM80_02864	1
ID=gene-TraAM80_02867	1
ID=gene-TraAM80_02865	1
ID=gene-TraAM80_02866	1
ID=gene-TraAM80_02868	1
ID=gene-TraAM80_02869	1
ID=gene-TraAM80_02871	1
ID=gene-TraAM80_02872	1
ID=gene-TraAM80_02910	1
ID=gene-TraAM80_02911	1
ID=gene-TraAM80_02912	1
ID=gene-TraAM80_02913	1
ID=gene-TraAM80_02914	1
ID=gene-TraAM80_02915	1
ID=gene-TraAM80_02916	1
ID=gene-TraAM80_02917	1
ID=gene-TraAM80_02919	1
ID=gene-TraAM80_02920	1
ID=gene-TraAM80_02921	1
ID=gene-TraAM80_02922	1
ID=gene-TraAM80_02923	1
ID=gene-TraAM80_02924	1
ID=gene-TraAM80_02926	1
ID=gene-TraAM80_02927	1
ID=gene-TraAM80_02928	1
ID=gene-TraAM80_02929	1
ID=gene-TraAM80_02930	1
ID=gene-TraAM80_02931	1
ID=gene-TraAM80_02933	1
ID=gene-TraAM80_02934	1
ID=gene-TraAM80_02935	1
ID=gene-TraAM80_02936	1
ID=gene-TraAM80_02937	1
ID=gene-TraAM80_02938	1
ID=gene-TraAM80_02785	1
ID=gene-TraAM80_02786	1
ID=gene-TraAM80_02787	1
ID=gene-TraAM80_02788	1
ID=gene-TraAM80_02792	1
ID=gene-TraAM80_02791	1
ID=gene-TraAM80_02793	1
ID=gene-TraAM80_02794	1
ID=gene-TraAM80_02795	1
ID=gene-TraAM80_02796	1
ID=gene-TraAM80_02797	1
ID=gene-TraAM80_02798	1
ID=gene-TraAM80_02799	1
ID=gene-TraAM80_02800	1
ID=gene-TraAM80_02801	1
ID=gene-TraAM80_02802	1
ID=gene-TraAM80_02803	1
ID=gene-TraAM80_02804	1
ID=gene-TraAM80_02805	1
ID=gene-TraAM80_02811	1
ID=gene-TraAM80_02812	1
ID=gene-TraAM80_02813	1
ID=gene-TraAM80_02814	1
ID=gene-TraAM80_02816	1
ID=gene-TraAM80_02817	1
ID=gene-TraAM80_02818	1
ID=gene-TraAM80_02819	1
ID=gene-TraAM80_02820	1
ID=gene-TraAM80_02821	1
ID=gene-TraAM80_02822	1
ID=gene-TraAM80_02823	1
ID=gene-TraAM80_02824	1
ID=gene-TraAM80_02825	1
ID=gene-TraAM80_02826	1
ID=gene-TraAM80_02827	1
ID=gene-TraAM80_02828	1
ID=gene-TraAM80_02829	1
ID=gene-TraAM80_02830	1
ID=gene-TraAM80_02832	1
ID=gene-TraAM80_02833	1
ID=gene-TraAM80_02834	1
ID=gene-TraAM80_02835	1
ID=gene-TraAM80_03028	1
ID=gene-TraAM80_03029	1
ID=gene-TraAM80_03030	1
ID=gene-TraAM80_03031	1
ID=gene-TraAM80_03032	1
ID=gene-TraAM80_03033	1
ID=gene-TraAM80_03034	1
ID=gene-TraAM80_03035	1
ID=gene-TraAM80_03036	1
ID=gene-TraAM80_03037	1
ID=gene-TraAM80_03043	1
ID=gene-TraAM80_03045	1
ID=gene-TraAM80_03046	1
ID=gene-TraAM80_03047	1
ID=gene-TraAM80_03048	1
ID=gene-TraAM80_03049	1
ID=gene-TraAM80_03050	1
ID=gene-TraAM80_03051	1
ID=gene-TraAM80_03052	1
ID=gene-TraAM80_03053	1
ID=gene-TraAM80_03054	1
ID=gene-TraAM80_03055	1
ID=gene-TraAM80_02873	1
ID=gene-TraAM80_02874	1
ID=gene-TraAM80_02875	1
ID=gene-TraAM80_02876	1
ID=gene-TraAM80_02877	1
ID=gene-TraAM80_02878	1
ID=gene-TraAM80_02881	1
ID=gene-TraAM80_02882	1
ID=gene-TraAM80_02883	1
ID=gene-TraAM80_02884	1
ID=gene-TraAM80_02885	1
ID=gene-TraAM80_02886	1
ID=gene-TraAM80_02887	1
ID=gene-TraAM80_02888	1
ID=gene-TraAM80_02889	1
ID=gene-TraAM80_02890	1
ID=gene-TraAM80_02891	1
ID=gene-TraAM80_02892	1
ID=gene-TraAM80_02893	1
ID=gene-TraAM80_02894	1
ID=gene-TraAM80_02895	1
ID=gene-TraAM80_02896	1
ID=gene-TraAM80_02897	1
ID=gene-TraAM80_02898	1
ID=gene-TraAM80_02899	1
ID=gene-TraAM80_02900	1
ID=gene-TraAM80_02901	1
ID=gene-TraAM80_02902	1
ID=gene-TraAM80_02903	1
ID=gene-TraAM80_02905	1
ID=gene-TraAM80_02907	1
ID=gene-TraAM80_02908	1
ID=gene-TraAM80_02909	1
ID=gene-TraAM80_02976	1
ID=gene-TraAM80_02977	1
ID=gene-TraAM80_02981	1
ID=gene-TraAM80_02982	1
ID=gene-TraAM80_02983	1
ID=gene-TraAM80_02984	1
ID=gene-TraAM80_02985	1
ID=gene-TraAM80_02986	1
ID=gene-TraAM80_02987	1
ID=gene-TraAM80_02988	1
ID=gene-TraAM80_02989	1
ID=gene-TraAM80_02990	1
ID=gene-TraAM80_02992	1
ID=gene-TraAM80_02993	1
ID=gene-TraAM80_02994	1
ID=gene-TraAM80_02995	1
ID=gene-TraAM80_02996	1
ID=gene-TraAM80_02997	1
ID=gene-TraAM80_02998	1
ID=gene-TraAM80_03000	1
ID=gene-TraAM80_03001	1
ID=gene-TraAM80_03002	1
ID=gene-TraAM80_03003	1
ID=gene-TraAM80_02950	1
ID=gene-TraAM80_02951	1
ID=gene-TraAM80_02952	1
ID=gene-TraAM80_02953	1
ID=gene-TraAM80_02955	1
ID=gene-TraAM80_02956	1
ID=gene-TraAM80_02957	1
ID=gene-TraAM80_02958	1
ID=gene-TraAM80_02959	1
ID=gene-TraAM80_02960	1
ID=gene-TraAM80_02961	1
ID=gene-TraAM80_02962	1
ID=gene-TraAM80_02963	1
ID=gene-TraAM80_02965	1
ID=gene-TraAM80_02966	1
ID=gene-TraAM80_02968	1
ID=gene-TraAM80_02967	1
ID=gene-TraAM80_02969	1
ID=gene-TraAM80_02971	1
ID=gene-TraAM80_02972	1
ID=gene-TraAM80_02973	1
ID=gene-TraAM80_02974	1
ID=gene-TraAM80_02975	1
ID=gene-TraAM80_03005	1
ID=gene-TraAM80_03007	1
ID=gene-TraAM80_03008	1
ID=gene-TraAM80_03010	1
ID=gene-TraAM80_03011	1
ID=gene-TraAM80_03012	1
ID=gene-TraAM80_03013	1
ID=gene-TraAM80_03014	1
ID=gene-TraAM80_03015	1
ID=gene-TraAM80_03016	1
ID=gene-TraAM80_03017	1
ID=gene-TraAM80_03018	1
ID=gene-TraAM80_03019	1
ID=gene-TraAM80_03020	1
ID=gene-TraAM80_03021	1
ID=gene-TraAM80_03022	1
ID=gene-TraAM80_03023	1
ID=gene-TraAM80_03024	1
ID=gene-TraAM80_03025	1
ID=gene-TraAM80_03026	1
ID=gene-TraAM80_03057	1
ID=gene-TraAM80_03058	1
ID=gene-TraAM80_03059	1
ID=gene-TraAM80_03060	1
ID=gene-TraAM80_03061	1
ID=gene-TraAM80_03062	1
ID=gene-TraAM80_03063	1
ID=gene-TraAM80_03065	1
ID=gene-TraAM80_03067	1
ID=gene-TraAM80_03069	1
ID=gene-TraAM80_03070	1
ID=gene-TraAM80_03071	1
ID=gene-TraAM80_03072	1
ID=gene-TraAM80_03073	1
ID=gene-TraAM80_03074	1
ID=gene-TraAM80_03075	1
ID=gene-TraAM80_03076	1
ID=gene-TraAM80_03077	1
ID=gene-TraAM80_03078	1
ID=gene-TraAM80_03079	1
ID=gene-TraAM80_03080	1
ID=gene-TraAM80_03081	1
ID=gene-TraAM80_03082	1
ID=gene-TraAM80_03085	1
ID=gene-TraAM80_03086	1
ID=gene-TraAM80_03087	1
ID=gene-TraAM80_03114	1
ID=gene-TraAM80_03115	1
ID=gene-TraAM80_03116	1
ID=gene-TraAM80_03117	1
ID=gene-TraAM80_03118	1
ID=gene-TraAM80_03119	1
ID=gene-TraAM80_03120	1
ID=gene-TraAM80_03121	1
ID=gene-TraAM80_03122	1
ID=gene-TraAM80_03123	1
ID=gene-TraAM80_03124	1
ID=gene-TraAM80_03125	1
ID=gene-TraAM80_03126	1
ID=gene-TraAM80_03127	1
ID=gene-TraAM80_03128	1
ID=gene-TraAM80_03129	1
ID=gene-TraAM80_03130	1
ID=gene-TraAM80_03131	1
ID=gene-TraAM80_03132	1
ID=gene-TraAM80_03133	1
ID=gene-TraAM80_03134	1
ID=gene-TraAM80_03135	1
ID=gene-TraAM80_03136	1
ID=gene-TraAM80_03137	1
ID=gene-TraAM80_03139	1
ID=gene-TraAM80_03138	1
ID=gene-TraAM80_03140	1
ID=gene-TraAM80_03089	1
ID=gene-TraAM80_03090	1
ID=gene-TraAM80_03091	1
ID=gene-TraAM80_03092	1
ID=gene-TraAM80_03093	1
ID=gene-TraAM80_03095	1
ID=gene-TraAM80_03096	1
ID=gene-TraAM80_03097	1
ID=gene-TraAM80_03098	1
ID=gene-TraAM80_03099	1
ID=gene-TraAM80_03100	1
ID=gene-TraAM80_03101	1
ID=gene-TraAM80_03102	1
ID=gene-TraAM80_03103	1
ID=gene-TraAM80_03104	1
ID=gene-TraAM80_03105	1
ID=gene-TraAM80_03106	1
ID=gene-TraAM80_03107	1
ID=gene-TraAM80_03108	1
ID=gene-TraAM80_03109	1
ID=gene-TraAM80_03110	1
ID=gene-TraAM80_03111	1
ID=gene-TraAM80_03141	1
ID=gene-TraAM80_03142	1
ID=gene-TraAM80_03143	1
ID=gene-TraAM80_03144	1
ID=gene-TraAM80_03145	1
ID=gene-TraAM80_03146	1
ID=gene-TraAM80_03147	1
ID=gene-TraAM80_03148	1
ID=gene-TraAM80_03149	1
ID=gene-TraAM80_03150	1
ID=gene-TraAM80_03151	1
ID=gene-TraAM80_03152	1
ID=gene-TraAM80_03153	1
ID=gene-TraAM80_03154	1
ID=gene-TraAM80_03155	1
ID=gene-TraAM80_03156	1
ID=gene-TraAM80_03158	1
ID=gene-TraAM80_03161	1
ID=gene-TraAM80_03162	1
ID=gene-TraAM80_03163	1
ID=gene-TraAM80_03164	1
ID=gene-TraAM80_03165	1
ID=gene-TraAM80_03166	1
ID=gene-TraAM80_03167	1
ID=gene-TraAM80_03169	1
ID=gene-TraAM80_03170	1
ID=gene-TraAM80_03171	1
ID=gene-TraAM80_03172	1
ID=gene-TraAM80_03173	1
ID=gene-TraAM80_03174	1
ID=gene-TraAM80_03175	1
ID=gene-TraAM80_03177	1
ID=gene-TraAM80_03179	1
ID=gene-TraAM80_03178	1
ID=gene-TraAM80_03180	1
ID=gene-TraAM80_03181	1
ID=gene-TraAM80_03182	1
ID=gene-TraAM80_03183	1
ID=gene-TraAM80_03184	1
ID=gene-TraAM80_03185	1
ID=gene-TraAM80_03186	1
ID=gene-TraAM80_03187	1
ID=gene-TraAM80_03188	1
ID=gene-TraAM80_03189	1
ID=gene-TraAM80_03190	1
ID=gene-TraAM80_03191	1
ID=gene-TraAM80_03192	1
ID=gene-TraAM80_03194	1
ID=gene-TraAM80_03195	1
ID=gene-TraAM80_03196	1
ID=gene-TraAM80_03197	1
ID=gene-TraAM80_03198	1
ID=gene-TraAM80_03199	1
ID=gene-TraAM80_03200	1
ID=gene-TraAM80_03203	1
ID=gene-TraAM80_03204	1
ID=gene-TraAM80_03205	1
ID=gene-TraAM80_03206	1
ID=gene-TraAM80_03207	1
ID=gene-TraAM80_03208	1
ID=gene-TraAM80_03209	1
ID=gene-TraAM80_03210	1
ID=gene-TraAM80_03211	1
ID=gene-TraAM80_03214	1
ID=gene-TraAM80_03215	1
ID=gene-TraAM80_03216	1
ID=gene-TraAM80_03217	1
ID=gene-TraAM80_03218	1
ID=gene-TraAM80_03219	1
ID=gene-TraAM80_03221	1
ID=gene-TraAM80_03220	1
ID=gene-TraAM80_03222	1
ID=gene-TraAM80_03223	1
ID=gene-TraAM80_03224	1
ID=gene-TraAM80_03225	1
ID=gene-TraAM80_03226	1
ID=gene-TraAM80_03227	1
ID=gene-TraAM80_03229	1
ID=gene-TraAM80_03230	1
ID=gene-TraAM80_03231	1
ID=gene-TraAM80_03232	1
ID=gene-TraAM80_03233	1
ID=gene-TraAM80_03234	1
ID=gene-TraAM80_03235	1
ID=gene-TraAM80_03236	1
ID=gene-TraAM80_03237	1
ID=gene-TraAM80_03238	1
ID=gene-TraAM80_03239	1
ID=gene-TraAM80_03240	1
ID=gene-TraAM80_03241	1
ID=gene-TraAM80_03242	1
ID=gene-TraAM80_03243	1
ID=gene-TraAM80_03245	1
ID=gene-TraAM80_03246	1
ID=gene-TraAM80_03247	1
ID=gene-TraAM80_03248	1
ID=gene-TraAM80_03249	1
ID=gene-TraAM80_03250	1
ID=gene-TraAM80_03251	1
ID=gene-TraAM80_03252	1
ID=gene-TraAM80_03254	1
ID=gene-TraAM80_03255	1
ID=gene-TraAM80_03256	1
ID=gene-TraAM80_03257	1
ID=gene-TraAM80_03258	1
ID=gene-TraAM80_03259	1
ID=gene-TraAM80_03260	1
ID=gene-TraAM80_03261	1
ID=gene-TraAM80_03262	1
ID=gene-TraAM80_03263	1
ID=gene-TraAM80_03264	1
ID=gene-TraAM80_03265	1
ID=gene-TraAM80_03266	1
ID=gene-TraAM80_03267	1
ID=gene-TraAM80_03268	1
ID=gene-TraAM80_03269	1
ID=gene-TraAM80_03271	1
ID=gene-TraAM80_03270	1
ID=gene-TraAM80_03272	1
ID=gene-TraAM80_03273	1
ID=gene-TraAM80_03274	1
ID=gene-TraAM80_03275	1
ID=gene-TraAM80_03276	1
ID=gene-TraAM80_03278	1
ID=gene-TraAM80_03279	1
ID=gene-TraAM80_03282	1
ID=gene-TraAM80_03283	1
ID=gene-TraAM80_03284	1
ID=gene-TraAM80_03285	1
ID=gene-TraAM80_03286	1
ID=gene-TraAM80_03287	1
ID=gene-TraAM80_03288	1
ID=gene-TraAM80_03289	1
ID=gene-TraAM80_03290	1
ID=gene-TraAM80_03291	1
ID=gene-TraAM80_03292	1
ID=gene-TraAM80_03293	1
ID=gene-TraAM80_03294	1
ID=gene-TraAM80_03295	1
ID=gene-TraAM80_03297	1
ID=gene-TraAM80_03298	1
ID=gene-TraAM80_03299	1
ID=gene-TraAM80_03300	1
ID=gene-TraAM80_03343	1
ID=gene-TraAM80_03344	1
ID=gene-TraAM80_03345	1
ID=gene-TraAM80_03346	1
ID=gene-TraAM80_03347	1
ID=gene-TraAM80_03348	1
ID=gene-TraAM80_03349	1
ID=gene-TraAM80_03350	1
ID=gene-TraAM80_03351	1
ID=gene-TraAM80_03352	1
ID=gene-TraAM80_03353	1
ID=gene-TraAM80_03354	1
ID=gene-TraAM80_03355	1
ID=gene-TraAM80_03356	1
ID=gene-TraAM80_03357	1
ID=gene-TraAM80_03358	1
ID=gene-TraAM80_03359	1
ID=gene-TraAM80_03360	1
ID=gene-TraAM80_03361	1
ID=gene-TraAM80_03362	1
ID=gene-TraAM80_03363	1
ID=gene-TraAM80_03364	1
ID=gene-TraAM80_03365	1
ID=gene-TraAM80_03368	1
ID=gene-TraAM80_03366	1
ID=gene-TraAM80_03369	1
ID=gene-TraAM80_03370	1
ID=gene-TraAM80_03371	1
ID=gene-TraAM80_03373	1
ID=gene-TraAM80_03374	1
ID=gene-TraAM80_03406	1
ID=gene-TraAM80_03407	1
ID=gene-TraAM80_03410	1
ID=gene-TraAM80_03411	1
ID=gene-TraAM80_03412	1
ID=gene-TraAM80_03413	1
ID=gene-TraAM80_03415	1
ID=gene-TraAM80_03416	1
ID=gene-TraAM80_03417	1
ID=gene-TraAM80_03418	1
ID=gene-TraAM80_03419	1
ID=gene-TraAM80_03420	1
ID=gene-TraAM80_03421	1
ID=gene-TraAM80_03422	1
ID=gene-TraAM80_03423	1
ID=gene-TraAM80_03424	1
ID=gene-TraAM80_03425	1
ID=gene-TraAM80_03426	1
ID=gene-TraAM80_03427	1
ID=gene-TraAM80_03428	1
ID=gene-TraAM80_03429	1
ID=gene-TraAM80_03430	1
ID=gene-TraAM80_03431	1
ID=gene-TraAM80_03432	1
ID=gene-TraAM80_03433	1
ID=gene-TraAM80_03434	1
ID=gene-TraAM80_03435	1
ID=gene-TraAM80_03436	1
ID=gene-TraAM80_03437	1
ID=gene-TraAM80_03438	1
ID=gene-TraAM80_03439	1
ID=gene-TraAM80_03301	1
ID=gene-TraAM80_03302	1
ID=gene-TraAM80_03303	1
ID=gene-TraAM80_03304	1
ID=gene-TraAM80_03305	1
ID=gene-TraAM80_03306	1
ID=gene-TraAM80_03307	1
ID=gene-TraAM80_03308	1
ID=gene-TraAM80_03309	1
ID=gene-TraAM80_03310	1
ID=gene-TraAM80_03311	1
ID=gene-TraAM80_03312	1
ID=gene-TraAM80_03313	1
ID=gene-TraAM80_03314	1
ID=gene-TraAM80_03315	1
ID=gene-TraAM80_03316	1
ID=gene-TraAM80_03317	1
ID=gene-TraAM80_03318	1
ID=gene-TraAM80_03319	1
ID=gene-TraAM80_03320	1
ID=gene-TraAM80_03321	1
ID=gene-TraAM80_03322	1
ID=gene-TraAM80_03323	1
ID=gene-TraAM80_03324	1
ID=gene-TraAM80_03325	1
ID=gene-TraAM80_03326	1
ID=gene-TraAM80_03327	1
ID=gene-TraAM80_03329	1
ID=gene-TraAM80_03330	1
ID=gene-TraAM80_03331	1
ID=gene-TraAM80_03332	1
ID=gene-TraAM80_03333	1
ID=gene-TraAM80_03334	1
ID=gene-TraAM80_03335	1
ID=gene-TraAM80_03336	1
ID=gene-TraAM80_03338	1
ID=gene-TraAM80_03340	1
ID=gene-TraAM80_03341	1
ID=gene-TraAM80_03342	1
ID=gene-TraAM80_03441	1
ID=gene-TraAM80_03442	1
ID=gene-TraAM80_03444	1
ID=gene-TraAM80_03445	1
ID=gene-TraAM80_03447	1
ID=gene-TraAM80_03448	1
ID=gene-TraAM80_03449	1
ID=gene-TraAM80_03450	1
ID=gene-TraAM80_03452	1
ID=gene-TraAM80_03453	1
ID=gene-TraAM80_03454	1
ID=gene-TraAM80_03455	1
ID=gene-TraAM80_03456	1
ID=gene-TraAM80_03457	1
ID=gene-TraAM80_03458	1
ID=gene-TraAM80_03459	1
ID=gene-TraAM80_03460	1
ID=gene-TraAM80_03461	1
ID=gene-TraAM80_03462	1
ID=gene-TraAM80_03464	1
ID=gene-TraAM80_03467	1
ID=gene-TraAM80_03469	1
ID=gene-TraAM80_03470	1
ID=gene-TraAM80_03471	1
ID=gene-TraAM80_03472	1
ID=gene-TraAM80_03376	1
ID=gene-TraAM80_03377	1
ID=gene-TraAM80_03378	1
ID=gene-TraAM80_03379	1
ID=gene-TraAM80_03380	1
ID=gene-TraAM80_03381	1
ID=gene-TraAM80_03382	1
ID=gene-TraAM80_03383	1
ID=gene-TraAM80_03384	1
ID=gene-TraAM80_03385	1
ID=gene-TraAM80_03386	1
ID=gene-TraAM80_03387	1
ID=gene-TraAM80_03388	1
ID=gene-TraAM80_03389	1
ID=gene-TraAM80_03390	1
ID=gene-TraAM80_03391	1
ID=gene-TraAM80_03392	1
ID=gene-TraAM80_03393	1
ID=gene-TraAM80_03394	1
ID=gene-TraAM80_03395	1
ID=gene-TraAM80_03397	1
ID=gene-TraAM80_03400	1
ID=gene-TraAM80_03401	1
ID=gene-TraAM80_03402	1
ID=gene-TraAM80_03403	1
ID=gene-TraAM80_03404	1
ID=gene-TraAM80_03405	1
ID=gene-TraAM80_03505	1
ID=gene-TraAM80_03506	1
ID=gene-TraAM80_03507	1
ID=gene-TraAM80_03511	1
ID=gene-TraAM80_03512	1
ID=gene-TraAM80_03513	1
ID=gene-TraAM80_03514	1
ID=gene-TraAM80_03515	1
ID=gene-TraAM80_03516	1
ID=gene-TraAM80_03517	1
ID=gene-TraAM80_03518	1
ID=gene-TraAM80_03519	1
ID=gene-TraAM80_03522	1
ID=gene-TraAM80_03523	1
ID=gene-TraAM80_03524	1
ID=gene-TraAM80_03525	1
ID=gene-TraAM80_03526	1
ID=gene-TraAM80_03527	1
ID=gene-TraAM80_03529	1
ID=gene-TraAM80_03530	1
ID=gene-TraAM80_03531	1
ID=gene-TraAM80_03532	1
ID=gene-TraAM80_03535	1
ID=gene-TraAM80_03536	1
ID=gene-TraAM80_03537	1
ID=gene-TraAM80_03538	1
ID=gene-TraAM80_03540	1
ID=gene-TraAM80_03541	1
ID=gene-TraAM80_03543	1
ID=gene-TraAM80_03544	1
ID=gene-TraAM80_03545	1
ID=gene-TraAM80_03546	1
ID=gene-TraAM80_03547	1
ID=gene-TraAM80_03548	1
ID=gene-TraAM80_03549	1
ID=gene-TraAM80_03550	1
ID=gene-TraAM80_03551	1
ID=gene-TraAM80_03555	1
ID=gene-TraAM80_03556	1
ID=gene-TraAM80_03557	1
ID=gene-TraAM80_03558	1
ID=gene-TraAM80_03559	1
ID=gene-TraAM80_03560	1
ID=gene-TraAM80_03474	1
ID=gene-TraAM80_03475	1
ID=gene-TraAM80_03476	1
ID=gene-TraAM80_03477	1
ID=gene-TraAM80_03478	1
ID=gene-TraAM80_03479	1
ID=gene-TraAM80_03480	1
ID=gene-TraAM80_03481	1
ID=gene-TraAM80_03486	1
ID=gene-TraAM80_03487	1
ID=gene-TraAM80_03488	1
ID=gene-TraAM80_03489	1
ID=gene-TraAM80_03490	1
ID=gene-TraAM80_03492	1
ID=gene-TraAM80_03495	1
ID=gene-TraAM80_03496	1
ID=gene-TraAM80_03497	1
ID=gene-TraAM80_03499	1
ID=gene-TraAM80_03500	1
ID=gene-TraAM80_03501	1
ID=gene-TraAM80_03502	1
ID=gene-TraAM80_03503	1
ID=gene-TraAM80_03504	1
ID=gene-TraAM80_03562	1
ID=gene-TraAM80_03564	1
ID=gene-TraAM80_03565	1
ID=gene-TraAM80_03566	1
ID=gene-TraAM80_03567	1
ID=gene-TraAM80_03568	1
ID=gene-TraAM80_03569	1
ID=gene-TraAM80_03570	1
ID=gene-TraAM80_03571	1
ID=gene-TraAM80_03572	1
ID=gene-TraAM80_03573	1
ID=gene-TraAM80_03574	1
ID=gene-TraAM80_03575	1
ID=gene-TraAM80_03576	1
ID=gene-TraAM80_03577	1
ID=gene-TraAM80_03578	1
ID=gene-TraAM80_03579	1
ID=gene-TraAM80_03580	1
ID=gene-TraAM80_03581	1
ID=gene-TraAM80_03582	1
ID=gene-TraAM80_03583	1
ID=gene-TraAM80_03584	1
ID=gene-TraAM80_03585	1
ID=gene-TraAM80_03587	1
ID=gene-TraAM80_03586	1
ID=gene-TraAM80_03676	1
ID=gene-TraAM80_03677	1
ID=gene-TraAM80_03678	1
ID=gene-TraAM80_03679	1
ID=gene-TraAM80_03680	1
ID=gene-TraAM80_03681	1
ID=gene-TraAM80_03682	1
ID=gene-TraAM80_03683	1
ID=gene-TraAM80_03684	1
ID=gene-TraAM80_03686	1
ID=gene-TraAM80_03687	1
ID=gene-TraAM80_03588	1
ID=gene-TraAM80_03589	1
ID=gene-TraAM80_03591	1
ID=gene-TraAM80_03593	1
ID=gene-TraAM80_03594	1
ID=gene-TraAM80_03595	1
ID=gene-TraAM80_03596	1
ID=gene-TraAM80_03597	1
ID=gene-TraAM80_03598	1
ID=gene-TraAM80_03599	1
ID=gene-TraAM80_03600	1
ID=gene-TraAM80_03601	1
ID=gene-TraAM80_03602	1
ID=gene-TraAM80_03604	1
ID=gene-TraAM80_03605	1
ID=gene-TraAM80_03606	1
ID=gene-TraAM80_03608	1
ID=gene-TraAM80_03609	1
ID=gene-TraAM80_03610	1
ID=gene-TraAM80_03611	1
ID=gene-TraAM80_03612	1
ID=gene-TraAM80_03614	1
ID=gene-TraAM80_03615	1
ID=gene-TraAM80_03616	1
ID=gene-TraAM80_03617	1
ID=gene-TraAM80_03619	1
ID=gene-TraAM80_03770	1
ID=gene-TraAM80_03771	1
ID=gene-TraAM80_03773	1
ID=gene-TraAM80_03774	1
ID=gene-TraAM80_03775	1
ID=gene-TraAM80_03776	1
ID=gene-TraAM80_03777	1
ID=gene-TraAM80_03780	1
ID=gene-TraAM80_03781	1
ID=gene-TraAM80_03783	1
ID=gene-TraAM80_03784	1
ID=gene-TraAM80_03785	1
ID=gene-TraAM80_03786	1
ID=gene-TraAM80_03787	1
ID=gene-TraAM80_03788	1
ID=gene-TraAM80_03789	1
ID=gene-TraAM80_03790	1
ID=gene-TraAM80_03712	1
ID=gene-TraAM80_03713	1
ID=gene-TraAM80_03715	1
ID=gene-TraAM80_03716	1
ID=gene-TraAM80_03717	1
ID=gene-TraAM80_03718	1
ID=gene-TraAM80_03720	1
ID=gene-TraAM80_03721	1
ID=gene-TraAM80_03723	1
ID=gene-TraAM80_03724	1
ID=gene-TraAM80_03725	1
ID=gene-TraAM80_03726	1
ID=gene-TraAM80_03727	1
ID=gene-TraAM80_03728	1
ID=gene-TraAM80_03729	1
ID=gene-TraAM80_03731	1
ID=gene-TraAM80_03732	1
ID=gene-TraAM80_03733	1
ID=gene-TraAM80_03735	1
ID=gene-TraAM80_03736	1
ID=gene-TraAM80_03738	1
ID=gene-TraAM80_03795	1
ID=gene-TraAM80_03796	1
ID=gene-TraAM80_03797	1
ID=gene-TraAM80_03798	1
ID=gene-TraAM80_03799	1
ID=gene-TraAM80_03800	1
ID=gene-TraAM80_03801	1
ID=gene-TraAM80_03802	1
ID=gene-TraAM80_03803	1
ID=gene-TraAM80_03804	1
ID=gene-TraAM80_03805	1
ID=gene-TraAM80_03806	1
ID=gene-TraAM80_03807	1
ID=gene-TraAM80_03808	1
ID=gene-TraAM80_03810	1
ID=gene-TraAM80_03811	1
ID=gene-TraAM80_03812	1
ID=gene-TraAM80_03813	1
ID=gene-TraAM80_03815	1
ID=gene-TraAM80_03814	1
ID=gene-TraAM80_03816	1
ID=gene-TraAM80_03817	1
ID=gene-TraAM80_03818	1
ID=gene-TraAM80_03819	1
ID=gene-TraAM80_03641	1
ID=gene-TraAM80_03642	1
ID=gene-TraAM80_03643	1
ID=gene-TraAM80_03644	1
ID=gene-TraAM80_03645	1
ID=gene-TraAM80_03646	1
ID=gene-TraAM80_03647	1
ID=gene-TraAM80_03648	1
ID=gene-TraAM80_03649	1
ID=gene-TraAM80_03650	1
ID=gene-TraAM80_03651	1
ID=gene-TraAM80_03652	1
ID=gene-TraAM80_03653	1
ID=gene-TraAM80_03654	1
ID=gene-TraAM80_03655	1
ID=gene-TraAM80_03656	1
ID=gene-TraAM80_03657	1
ID=gene-TraAM80_03658	1
ID=gene-TraAM80_03659	1
ID=gene-TraAM80_03660	1
ID=gene-TraAM80_03661	1
ID=gene-TraAM80_03689	1
ID=gene-TraAM80_03690	1
ID=gene-TraAM80_03691	1
ID=gene-TraAM80_03692	1
ID=gene-TraAM80_03693	1
ID=gene-TraAM80_03694	1
ID=gene-TraAM80_03695	1
ID=gene-TraAM80_03696	1
ID=gene-TraAM80_03697	1
ID=gene-TraAM80_03698	1
ID=gene-TraAM80_03699	1
ID=gene-TraAM80_03700	1
ID=gene-TraAM80_03701	1
ID=gene-TraAM80_03702	1
ID=gene-TraAM80_03703	1
ID=gene-TraAM80_03704	1
ID=gene-TraAM80_03705	1
ID=gene-TraAM80_03706	1
ID=gene-TraAM80_03707	1
ID=gene-TraAM80_03708	1
ID=gene-TraAM80_03709	1
ID=gene-TraAM80_03710	1
ID=gene-TraAM80_03711	1
ID=gene-TraAM80_03740	1
ID=gene-TraAM80_03741	1
ID=gene-TraAM80_03742	1
ID=gene-TraAM80_03743	1
ID=gene-TraAM80_03744	1
ID=gene-TraAM80_03745	1
ID=gene-TraAM80_03746	1
ID=gene-TraAM80_03747	1
ID=gene-TraAM80_03748	1
ID=gene-TraAM80_03749	1
ID=gene-TraAM80_03750	1
ID=gene-TraAM80_03751	1
ID=gene-TraAM80_03752	1
ID=gene-TraAM80_03753	1
ID=gene-TraAM80_03754	1
ID=gene-TraAM80_03755	1
ID=gene-TraAM80_03756	1
ID=gene-TraAM80_03757	1
ID=gene-TraAM80_03760	1
ID=gene-TraAM80_03761	1
ID=gene-TraAM80_03759	1
ID=gene-TraAM80_03762	1
ID=gene-TraAM80_03763	1
ID=gene-TraAM80_03764	1
ID=gene-TraAM80_03765	1
ID=gene-TraAM80_03766	1
ID=gene-TraAM80_03767	1
ID=gene-TraAM80_03768	1
ID=gene-TraAM80_03769	1
ID=gene-TraAM80_03620	1
ID=gene-TraAM80_03621	1
ID=gene-TraAM80_03622	1
ID=gene-TraAM80_03624	1
ID=gene-TraAM80_03625	1
ID=gene-TraAM80_03626	1
ID=gene-TraAM80_03627	1
ID=gene-TraAM80_03630	1
ID=gene-TraAM80_03631	1
ID=gene-TraAM80_03632	1
ID=gene-TraAM80_03633	1
ID=gene-TraAM80_03634	1
ID=gene-TraAM80_03636	1
ID=gene-TraAM80_03637	1
ID=gene-TraAM80_03638	1
ID=gene-TraAM80_03639	1
ID=gene-TraAM80_03640	1
ID=gene-TraAM80_03820	1
ID=gene-TraAM80_03825	1
ID=gene-TraAM80_03826	1
ID=gene-TraAM80_03827	1
ID=gene-TraAM80_03828	1
ID=gene-TraAM80_03830	1
ID=gene-TraAM80_03833	1
ID=gene-TraAM80_03835	1
ID=gene-TraAM80_03836	1
ID=gene-TraAM80_03837	1
ID=gene-TraAM80_03839	1
ID=gene-TraAM80_03840	1
ID=gene-TraAM80_03842	1
ID=gene-TraAM80_03843	1
ID=gene-TraAM80_03845	1
ID=gene-TraAM80_03846	1
ID=gene-TraAM80_03847	1
ID=gene-TraAM80_03848	1
ID=gene-TraAM80_03849	1
ID=gene-TraAM80_03850	1
ID=gene-TraAM80_03851	1
ID=gene-TraAM80_03853	1
ID=gene-TraAM80_03854	1
ID=gene-TraAM80_03855	1
ID=gene-TraAM80_03857	1
ID=gene-TraAM80_03858	1
ID=gene-TraAM80_03859	1
ID=gene-TraAM80_03860	1
ID=gene-TraAM80_03861	1
ID=gene-TraAM80_03862	1
ID=gene-TraAM80_03863	1
ID=gene-TraAM80_03864	1
ID=gene-TraAM80_03865	1
ID=gene-TraAM80_03866	1
ID=gene-TraAM80_03867	1
ID=gene-TraAM80_03868	1
ID=gene-TraAM80_03869	1
ID=gene-TraAM80_03870	1
ID=gene-TraAM80_03958	1
ID=gene-TraAM80_03961	1
ID=gene-TraAM80_03962	1
ID=gene-TraAM80_03963	1
ID=gene-TraAM80_03964	1
ID=gene-TraAM80_03965	1
ID=gene-TraAM80_03966	1
ID=gene-TraAM80_03968	1
ID=gene-TraAM80_03969	1
ID=gene-TraAM80_03970	1
ID=gene-TraAM80_03972	1
ID=gene-TraAM80_03974	1
ID=gene-TraAM80_03977	1
ID=gene-TraAM80_03978	1
ID=gene-TraAM80_03979	1
ID=gene-TraAM80_03980	1
ID=gene-TraAM80_04002	1
ID=gene-TraAM80_04003	1
ID=gene-TraAM80_04004	1
ID=gene-TraAM80_04006	1
ID=gene-TraAM80_04007	1
ID=gene-TraAM80_04008	1
ID=gene-TraAM80_04009	1
ID=gene-TraAM80_04010	1
ID=gene-TraAM80_04011	1
ID=gene-TraAM80_04012	1
ID=gene-TraAM80_04013	1
ID=gene-TraAM80_04014	1
ID=gene-TraAM80_04015	1
ID=gene-TraAM80_04018	1
ID=gene-TraAM80_04019	1
ID=gene-TraAM80_04020	1
ID=gene-TraAM80_04021	1
ID=gene-TraAM80_04022	1
ID=gene-TraAM80_04023	1
ID=gene-TraAM80_04024	1
ID=gene-TraAM80_04025	1
ID=gene-TraAM80_03909	1
ID=gene-TraAM80_03910	1
ID=gene-TraAM80_03911	1
ID=gene-TraAM80_03912	1
ID=gene-TraAM80_03913	1
ID=gene-TraAM80_03914	1
ID=gene-TraAM80_03916	1
ID=gene-TraAM80_03917	1
ID=gene-TraAM80_03918	1
ID=gene-TraAM80_03919	1
ID=gene-TraAM80_03921	1
ID=gene-TraAM80_03922	1
ID=gene-TraAM80_03923	1
ID=gene-TraAM80_03924	1
ID=gene-TraAM80_03925	1
ID=gene-TraAM80_03926	1
ID=gene-TraAM80_03927	1
ID=gene-TraAM80_03928	1
ID=gene-TraAM80_03929	1
ID=gene-TraAM80_03930	1
ID=gene-TraAM80_03872	1
ID=gene-TraAM80_03873	1
ID=gene-TraAM80_03874	1
ID=gene-TraAM80_03875	1
ID=gene-TraAM80_03876	1
ID=gene-TraAM80_03877	1
ID=gene-TraAM80_03878	1
ID=gene-TraAM80_03879	1
ID=gene-TraAM80_03881	1
ID=gene-TraAM80_03883	1
ID=gene-TraAM80_03884	1
ID=gene-TraAM80_03885	1
ID=gene-TraAM80_03888	1
ID=gene-TraAM80_03889	1
ID=gene-TraAM80_03890	1
ID=gene-TraAM80_03891	1
ID=gene-TraAM80_03892	1
ID=gene-TraAM80_03893	1
ID=gene-TraAM80_03894	1
ID=gene-TraAM80_03897	1
ID=gene-TraAM80_03896	1
ID=gene-TraAM80_03898	1
ID=gene-TraAM80_03899	1
ID=gene-TraAM80_03900	1
ID=gene-TraAM80_03901	1
ID=gene-TraAM80_03902	1
ID=gene-TraAM80_03903	1
ID=gene-TraAM80_03904	1
ID=gene-TraAM80_03931	1
ID=gene-TraAM80_03932	1
ID=gene-TraAM80_03933	1
ID=gene-TraAM80_03935	1
ID=gene-TraAM80_03936	1
ID=gene-TraAM80_03937	1
ID=gene-TraAM80_03938	1
ID=gene-TraAM80_03939	1
ID=gene-TraAM80_03940	1
ID=gene-TraAM80_03941	1
